,attribute:pa_leo-title,parent_sku,stock,regular_price
0,LAID TO REST (W/S) (DVD),10011203,1,0
1,"LIBRARIAN, THE (DVD)",10011204,1,0
2,SEPTEMBER 11 (MULTILINGUAL)(DVD),10011205,1,0
3,TMNT: MOVIE (BLUE-RAY),10011206,1,0
4,JUST GENDER  (DVD),10011207,1,0
5,ULTIMATE WAVE TAHITI 2D & 3D IMAX (B/R),10011208,1,0
6,BROTHERS QUAY COLLECTION  (DVD),10011209,1,0
7,BRUCE ALMIGHTY (DVD),10011210,1,0
8,BLUETORCH (DVD),10011211,1,0
9,"CFB, MAT HOFFMAN'S: AM SERIES (DVD)",10012059,1,0
10,LEGALLY BLONDE 2: RED WHITE & BLO (DVD),10012060,1,0
11,SPIRIT SPACE: JOURNEY/YOUR CONSCIOUSNESS,10011212,1,0
12,TEACHINGS ON MILAREPA  (DVD),10011213,1,0
13,2012 A WRINKLE IN TIME: MIKE DOOLEY (DVD,10011214,1,0
14,MOSES CODE: THE MOVIE (DVD),10012061,1,0
15,MIRACLE MAN: JOHN OF GOD  (DVD),10011215,1,0
16,DAVID ICKE: RADICAL TRUTH KNOWLEGE & REV,10011216,1,0
17,DREAMHEALER: ADAM  (DVD),10012062,1,0
18,"SCIENCE OF MIRACLES, THE (DVD)",10012063,1,0
19,CLOSER THAN CLOSE: SEEKING TRUTH SELF,10011217,1,0
20,EXPERIENCING THE SOUL  (DVD),10012064,1,0
21,MESSAGE FROM WATER  (DVD),10011218,1,0
22,NEW BIOLOGY: WHERE MIND & MATTER MEE(DVD,10012065,1,0
23,KRYON: THE WHOLE STORY  (DVD),10012066,1,0
24,"RISE OF DISASTER CAPITALISM, THE (DVD)",10011219,1,0
25,PRINCESS GRACE (DVD),10011220,1,0
26,JUDY (2020) (DVD),10011221,1,0
27,JUDY (2020) (B/R),10011221,1,0
28,"FEW BEST MEN, A (DVD)",10012067,1,0
29,SCOOBY-DOO AND KISS: R&R MYSTERY (B/R),10012068,1,0
30,SCOOBY-DOO AND KISS: R&R MYSTERY (DVD),10012069,1,0
31,DRIFT: A NEW RACE (MOUNTAIN BIKE) (DVD),10012070,1,0
32,HOME 3D (BR),10011222,1,0
33,AMERICAN GIRL:GRACE STIRS UP SUCCESS DVD,10012071,1,0
34,HOME (MC)(DVD),10011222,1,0
35,HOME (NC)(DVD),10011222,1,0
36,"TERROR, THE/HELLS ANGELS.../LITTLE SHOP.",10012072,1,0
37,LEGO STAR WARS: YODA CHRONICLES (DVD),10012073,1,0
38,"LAWLESS, 3:10 TO YUMA & APPALOOSA (DVD)",10011223,1,0
39,"LAST SALT CARAVAN, THE (DVD)",10011224,1,0
40,LOVE ACTUALLY (DVD),10011225,1,0
41,SPY (BR),10011226,1,0
42,HUMAN PLANET DISC:1 (DVD),10011227,1,0
43,HUMAN PLANET DISC:2 (DVD),10011227,1,0
44,HUMAN PLANET DISC:3 (DVD),10011227,1,0
45,ERNEST GOES TO CAMP/GOES TO JAIL (B/R),10012074,1,0
46,AWAKENING IN THE NOW (DVD),10011228,1,0
47,BANANAS! (DVD),10011229,1,0
48,DEEPAK CHOPRA & TARA STILES YOGA (DVD),10011230,1,0
49,HOME TOWN STORY/TWO WOMEN (DVD),10011231,1,0
50,COMPUTER ANIMATION ADVENTURE (DVD),10012075,1,0
51,COMPUTER ANIMATION EXPERIENCE (DVD),10012076,1,0
52,XXX (DVD),10011232,1,0
53,SNIPER (DVD),10011233,1,0
54,DAY THE 60'S DIED: KEN STATE SHOOT (DVD),10011234,1,0
55,SHORTS  (DVD),10011235,1,0
56,OCEANS (DISNEY) (BLURAY),10011236,1,0
57,WONDERLAND + WADD DOCUMENTARY (DVD),10011237,1,0
58,PET SEMATARY SP. ED  (DVD),10011238,1,0
59,CARS 2 3D  (BLU-RAY),10012077,1,0
60,ESCAPES (DVD),10011239,1,0
61,"OFFICE, THE: CHRISTMAS SPECIAL (DVD)",10011240,1,0
62,PHINEAS AND FERB: FAST AND PHINEOUS (DVD,10012078,1,0
63,"BODYBUILDER AND I, THE  (DVD)",10011241,1,0
64,ANIMATION EXPRESS 2: DISC 1  2011 (DVD),10011242,1,0
65,LETTERKENNY 5 EP: 1-6 (DVD),10011243,1,0
66,"GOOFY MOVIE, A (DVD)",10011244,1,0
67,ONCE UPON A TIME IN CHINA (DVD),10011245,1,0
68,ANIMATION EXPRESS 2: DISC 2  2011 (DVD),10011242,1,0
69,FLOWERS IN THE ATTIC (DVD),10011246,1,0
70,LYNYRD SKYNYRD: DOUBLE FEATURE (DVD),10011247,1,0
71,IVANHOE DISC:2 (DVD),10011248,1,0
72,IVANHOE DISC:1 (DVD),10012079,1,0
73,SARAH MCLACHLAN: MIRRORBALL (DVD),10011249,1,0
74,CHIEFTANS: THE LONG BLACK VIEL (DVD),10012080,1,0
75,CHIEFTANS: LIVE OVER IRELAND (DVD),10012081,1,0
76,DEEP PURPLE (DVD),10011250,1,0
77,W.I.S.O.R. THE ROBO WELDER (DVD),10012082,1,0
78,LORD PETER WIMSEY 5.1 EP: 1-2 (DVD),10011251,1,0
79,ONCE UPON A TIME IN CHINA: NEXT CHAPTERS,10012083,1,0
80,SCOOBY-DOO CURSE OF THE LAKE MONSTER DVD,10011252,1,0
81,RAINFOREST: THE LIMIT OF SPLENDOUR (DVD),10012084,1,0
82,BARBIE & HER SISTERS: GREAT PUPPY ADV(DV,10011253,1,0
83,INDIA REBORN: DISK 1 (DVD),10011254,1,0
84,"SUBSTITUTE, THE 1 & 3 (DVD)",10011255,1,0
85,MAFIA (WIDESCREEN) (DVD),10011256,1,0
86,DEEP PURPLE:COME HELL OR HIGHWATER (DVD),10011257,1,0
87,WHAT WOULD JESUS DO 2: JOURNEY CONT (DVD,10011258,1,0
88,CHILDREN OF THE CORN 25TH ANNIV (B/R),10012085,1,0
89,INDIA REBORN: DISK 2 (DVD),10011259,1,0
90,RESTLESS (2015) (DVD),10011260,1,0
91,BRIGITTE BARDOT: TAKE ONE (DVD) (FRENCH),10012086,1,0
92,RUNNING WILDE SE:1 EP:1-8 (DVD),10011261,1,0
93,BRIDADOOR (DVD),10011262,1,0
94,ESCAPING ISIS  (DVD),10011263,1,0
95,FAMILY (DVD),10011264,1,0
96,GOLD EYES OF FEAR (DVD),10011265,1,0
97,BIG BROTHER (CANTONESE)(2019)(DVD),10011266,1,0
98,ART HOUSE (DVD),10011267,1,0
99,LIFE AFTER PEOPLE (DVD),10011268,1,0
100,DOG WHISPERER: BEST OF (DVD),10012087,1,0
101,KINGSGLAIVE: **NEEDS RESURFACING** (DVD),10012088,1,0
102,"CONSPIRACY TO RULE THE WORLD, THE (DVD)",10011269,1,0
103,WHAT DARWIN NEVER KNEW (DVD),10011270,1,0
104,BUENA VISTA SOCIAL CLUB (DVD)(SPANISH),10011271,1,0
105,FORSYTHE SAGA 1-4  (DVD),10011272,1,0
106,"DEBT, THE (2016) (DVD)",10011273,1,0
107,"FACEBOOK DILEMMA, THE (DVD)",10011274,1,0
108,LORD PETER WIMSEY 5.2 EP: 3-4 (DVD),10011251,1,0
109,AMERICAN HORROR STORY 1-1 EP:1-5 (BR),10011275,1,0
110,CRUEL INTENTIONS (DVD),10011276,1,0
111,AMERICAN HORROR STORY 1-2 EP:6-10 (BR),10011275,1,0
112,X (DVD),10011277,1,0
113,AMERICAN HORROR STORY 1-3 EP:11-12 (BR),10011275,1,0
114,SNL: BEST OF AMY POEHLER (DVD),10012089,1,0
115,11.22.63: 1.1 EP 1-4  (DVD),10012090,1,0
116,11.22.63: 1.2 EP 5-8  (DVD),10012091,1,0
117,"TEACHINGS OF ABRAHAM, THE DISC:1 (DVD)",10012092,1,0
118,"STARLOST, THE DISC:1 (DVD)",10011278,1,0
119,"STARLOST, THE DISC:2 (DVD)",10011279,1,0
120,"STARLOST, THE DISC:3 (DVD)",10011279,1,0
121,HANDY MANNY: MANNYS GREEN TEAM (DVD),10012093,1,0
122,"STARLOST, THE DISC:4 (DVD)",10011278,1,0
123,SUNRISE / SUNSET  (ENG/TIBET/RUS) (DVD),10011280,1,0
124,ANNIE LEIBOVITZ (DVD),10011281,1,0
125,KYLIE FEVER 2002 (DVD),10011282,1,0
126,SHORTS  (BLU-RAY),10011235,1,0
127,EQUILIBRIUM / RENAISSANCE 2 PACK (DVD),10012094,1,0
128,WEEDS 5-1 EP:1-7 (BLU-RAY),10011283,1,0
129,JACK THE RIPPER: 4 TALES (DVD),10012095,1,0
130,SURVIVOR: SEAS 2 GREAT MONENTS (DVD),10011284,1,0
131,SPORTS BLOOPERS: BEST OF (DVD),10012096,1,0
132,"BATS, THE  (DVD)",10011285,1,0
133,SURVIVOR SEAS 1 GREAT MOMENTS (DVD),10011286,1,0
134,BLOODSPORT 3: SPECIAL EDITION (DVD),10011287,1,0
135,YOU GOT SERVED  (DVD),10011288,1,0
136,WEEDS 5-2 EP:8-13 (BLU-RAY),10011289,1,0
137,"SEVEN WORLDS, ONE PLANET D.1 (4K)",10011290,1,0
138,"SEVEN WORLD, ONE PLANET D.2 (4K)",10011290,1,0
139,"SEVEN WORLDS, ONE PLANET D.3 (4K)",10011290,1,0
140,"SEVEN WORLDS, ONE PLANET D.1 (B/R)",10011290,1,0
141,"SEVEN WORLDS, ONE PLANET D.2 (B/R)",10012097,1,0
142,NATURAL ENVIRONMENTS (DVD),10012098,1,0
143,"SEVEN WORLDS, ONE PLANET D.3 (B/R)",10011290,1,0
144,"BE MY VALENTINE, CHARLIE BROWN (DVD)",10011291,1,0
145,FANNY & ALEXANDER: MAKING OF (SWEDISH)(D,10011292,1,0
146,LORD PETER WIMSEY 3.1 EP:1-2 (DVD),10011251,1,0
147,TORTURE MADE IN THE USA (DVD),10011293,1,0
148,UNDERWORLD (SPECIAL EDITION DVD),10011294,1,0
149,LORD PETER WIMSEY 3.2 EP:3-4 (DVD),10011251,1,0
150,TOM SAWYER (DVD),10011295,1,0
151,SKATEBOARD PARTY (DVD),10011296,1,0
152,FLAME OF BARRY COAST (DVD),10012099,1,0
153,PENGUINS OF MADAGASCAR: ZOMBIE (DVD),10011297,1,0
154,FABRIC OF THE COSMOS: EP 1 & 2 (DVD),10012100,1,0
155,MST3K: RACKET GIRLS (DVD),10011298,1,0
156,YOUNG MAN WITH A HORN (1949)(DVD),10011299,1,0
157,LAWS OF MOTION (DVD),10011300,1,0
158,LAUNCHING PAD (DVD),10011301,1,0
159,FABRIC OF THE COSMOS: EP 2 & 3 (DVD),10011302,1,0
160,SNL BEST OF: WILL FERRELL (DVD),10011303,1,0
161,VISIONS: THE SEA (DVD),10011304,1,0
162,TROUBLE (2018)(DVD),10011305,1,0
163,ALITA BATTLE ANGEL (DVD) (W/C),10011306,1,0
164,FRIENDS 11: SERIES FINAL (DVD),10012101,1,0
165,"DARKMAN: 1,2 & 3 (DVD)",10011307,1,0
166,MANJI (JAPANESE) (DVD),10011308,1,0
167,REBOOT: TO MEND AND DEFEND (DVD),10011309,1,0
168,ALICE IN WONDERLAND (DISNEY) (DVD),10011310,1,0
169,CHRONICLES OF NARNIA:3 DISKS 8H41MIN(DVD,10012102,1,0
170,SAILOR MOON: TIME TRAVELERS (DVD),10012103,1,0
171,SPIDER-MAN VS. DOC OCK (DVD),10012104,1,0
172,BEVERLY HILLBILLIES: BEST OF (DVD),10011311,1,0
173,FINGERSMITH (DVD),10011312,1,0
174,"SMASHING PUMPKINS, THE (DVD)",10012105,1,0
175,MICKEY'S BIG SPLASH (DVD),10012106,1,0
176,IMAX: AMAZON  (DVD) (39MIN),10011313,1,0
177,FIRST TO DIE (DVD),10011314,1,0
178,"SCOOBY-DOO, WHATS NEW?3: HALLOWEEN(DVD)",10011315,1,0
179,WELCOME TO THE MONKEY HOUSE  (DVD),10011316,1,0
180,MISS BLACK NUDE PAGEANT 2003 (DVD),10012107,1,0
181,"REAL MCCAIN, THE  (DVD)",10011317,1,0
182,SOUL PLANE  (DVD),10011318,1,0
183,THIS IS OUR PLANET: TOXIC TRESPASS (DVD),10012108,1,0
184,THIS IS OUR PLANET: FIGHT4 TRUE FARMING,10011319,1,0
185,"OFFICE, THE: SERIES 1 (DVD)",10011320,1,0
186,"OFFICE, THE: SERIES 2 (DVD)",10011321,1,0
187,ANGELS IN AMERICA: DISK 1 (DVD),10011322,1,0
188,ANGELS IN AMERICA: DISK 2 (DVD),10011322,1,0
189,DR. WHO: NEXT DOCTOR: AT THE PROMS (DVD),10011323,1,0
190,THIS IS OUR PLANET: BHOPAL & CRAPSHOOT,10012109,1,0
191,THIS IS OUR PLANET: WEATHER REPORT (DVD,10012110,1,0
192,FOOD FORWARD 1.1 EP:1-6  (DVD),10012111,1,0
193,CBGB: OMFUG THE 30TH YEAR (DVD),10011324,1,0
194,MEMORY HACKERS  (DVD),10011325,1,0
195,FOOD FORWARD 1.2 EP:7-13  (DVD),10011326,1,0
196,POIROT 47: LORD EDGWARE DIES (DVD),10011327,1,0
197,POIROT 49: MURDER IN MESOPOTAMIA (DVD),10011328,1,0
198,CBGB 2014 (DVD),10011324,1,0
199,POIROT 48: EVIL UNDER THE SUN (DVD),10011329,1,0
200,THIS IS OUR PLANET: BEING CARIBOU (DVD),10011330,1,0
201,ALILA: DAY IN LIFE OF ISRAEL (HEBREW),10011331,1,0
202,"TEA PARTY, THE: ILLUMINATIONS (DVD)",10012112,1,0
203,CANADIAN WILD GIRLS: COUGARS  (DVD),10012113,1,0
204,SCOOBY-DOO: LEGEND OF THE PHANTOSAUR DVD,10011332,1,0
205,JACKASS THE MOVIE: SPECIAL ED  (DVD),10012114,1,0
206,ON THE CORNER (DVD),10011333,1,0
207,SHILOH  (DVD),10011334,1,0
208,INSIDE THE MALE INTELLECT (DVD),10012115,1,0
209,BLOOD (DVD),10012116,1,0
210,SHARK TALE (DVD),10011335,1,0
211,TAXXI (DVD),10011336,1,0
212,HOW WE GOT TO NOW 1.1  (DVD),10011337,1,0
213,LIGHTNING IN A BOTTLE  (W/S),10011338,1,0
214,BLUE (3 COLOURS #1) (FRENCH),10011339,1,0
215,MAKING THE CUT: DISK 1  (DVD),10011340,1,0
216,MAKING THE CUT: DISK 2  (DVD),10011340,1,0
217,MAKING THE CUT: DISK 3  (DVD),10011340,1,0
218,TIDELINE (FRENCH) (DVD),10011341,1,0
219,SILICON VALLEY 4 EP: 1-10 (DVD),10011342,1,0
220,DOGTOWN AND Z BOYS: DELUXE ED..(DVD),10011343,1,0
221,DECISIONS THAT SHOOK THE WORLD (DVD),10011344,1,0
222,MISS MARPLE: THEY DO IT WITH MIRRORS DVD,10011345,1,0
223,GUNS N' ROSES:WELCOME TO THE VIDEOS(DVD),10011346,1,0
224,MISS MARPLE: MURDER VICARAGE/NEMESIS DVD,10011347,1,0
225,MISS MARPLE: MOVING FINGER/BERTRAMS DVD,10011348,1,0
226,MISS MARPLE: CARIBBEAN MYS/MIRROR CRAK'D,10012117,1,0
227,"SCOOBY-DOO, WHATS NEW? 5: SPORTS SPOOKTA",10012118,1,0
228,RACE TO MARS (DVD),10011349,1,0
229,CANADIAN GIRLS GONE WILD: VIP (DVD),10012119,1,0
230,PULSE  (W/S) (DVD),10011350,1,0
231,LOOKING FOR ALEXANDER (DVD) (FRENCH),10011351,1,0
232,BEFORE THEY WERE KINGS: VOL 1 (DVD),10011352,1,0
233,"UP SERIES, THE DISC 6: 49 UP (DVD)",10012120,1,0
234,WONDERS OF AUSTRALIA'S...COAST (DVD),10011353,1,0
235,CHLORINE: A POOL SKATING DOCUMENTARY,10011354,1,0
236,KINGDOM HOSPITAL: BEGINNING (DVD),10011355,1,0
237,HENRY ROLLINS: TALKING FROM THE BOX (DVD,10011356,1,0
238,SEX AND THE CITY ESSENTIALS: BREAKUPS(DV,10011357,1,0
239,MARY POPPINS * (DVD),10011358,1,0
240,HOW WE GOT TO NOW 1.2  (DVD),10011337,1,0
241,BATMAN BEGINS - DELUXE (DVD),10012121,1,0
242,"BEAUTIFUL CENTURY, THE (DVD)",10011359,1,0
243,DEATH GRIP (DVD),10011360,1,0
244,MST3K: MANOS & SANTA CONQUERS MARTIANS,10011361,1,0
245,LETTERKENNY 3 EP: 1-6 (DVD),10011362,1,0
246,"COMMUNITY PROJECT, THE (SNOWBOARD) (DVD)",10012122,1,0
247,MUPPET BABIES: TIME TO PLAY! (DVD),10012123,1,0
248,PRIDE FIGHTING CHAMP:JAPAN VS GRACIE(DVD,10012124,1,0
249,JUST FOR LAUGHS: UPTOWN COMICS (DVD),10012125,1,0
250,INTO THE BLUE (W/S) (DVD),10011363,1,0
251,FUCK  (DVD),10012126,1,0
252,"THREE STOOGES, THE: 4 EPISODES (DVD)",10011364,1,0
253,TENACIOUS D: COMPLETE MASTER WORKS (DVD),10011365,1,0
254,OT: OUR TOWN (DVD),10011366,1,0
255,AMERICAN HARDCORE: PUNK 1980-86 (DVD),10012127,1,0
256,STOPGAP (NELSON SNOWBOARDING) (DVD),10011367,1,0
257,AS LIFE GOES BY (FRENCH) (DVD),10011368,1,0
258,"LAST CHAPTER, THE DISK 1 (DVD)",10012128,1,0
259,"LAST CHAPTER, THE DISK 3 (DVD)",10011369,1,0
260,"LAST CHAPTER, THE DISK 4 (DVD)",10011370,1,0
261,"LAST CHAPTER, THE DISK 5 (DVD)",10012129,1,0
262,"LAST CHAPTER, THE DISK 6 (DVD)",10011371,1,0
263,ANCHORMAN 2 MC (143 MIN) (BRAY),10011372,1,0
264,ANCHORMAN 2 NC (143 MIN) (BRAY),10011372,1,0
265,SOPRANOS 6 1.1 EP:1-3 (DVD),10011373,1,0
266,ANCHORMAN 2 NC (118 & 122 MIN) (BRAY),10011372,1,0
267,WOMEN ON THE VERGE NERVOUS BREAKDOWN SPA,10011374,1,0
268,COMING SOON (W/S) (DVD),10011375,1,0
269,SOPRANOS 6 1.2 EP:4-6 (DVD),10011373,1,0
270,SHOW ME  (DVD),10011376,1,0
271,HUMAN TRAFFICKING (176 MIN) (DVD),10011377,1,0
272,SOPRANOS 6 1.3 EP:7-9 (DVD),10011373,1,0
273,SEA POWER TO SUPERPOWER (DVD),10011378,1,0
274,HOCKEY ENFORCERS: BLACK & BLUE (DVD),10011379,1,0
275,SOPRANOS 6 1.4 EP:10-12 (DVD),10011373,1,0
276,AEON FLUX - 2006 (DVD) W/S,10011380,1,0
277,APOCALYPSE NOW: REDUX  (W/S),10011381,1,0
278,SOPRANOS 6 2.1 EP:1-2 (DVD),10011373,1,0
279,SOPRANOS 6 2.2 EP:3-4 (DVD),10011373,1,0
280,SHORT FILMS 2006 ACADAMY NOMINEES (DVD),10011382,1,0
281,LITTLE BRITAIN: SE 2 (DVD),10011383,1,0
282,"EZ STREETS, BRILLIANT BUT CANCELLED(DVD)",10012130,1,0
283,"FAST AND THE FURIOUS, THE (W/S) (DVD)",10011384,1,0
284,DISINFORMATION: COMP SERIES (6HRS) (DVD),10012131,1,0
285,PLANET EARTH 1-3 EP 7-9 (BLUE-RAY),10011385,1,0
286,SOPRANOS 6 2.3 EP:5-7 (DVD),10011373,1,0
287,PLANET EARTH 1-4 EP 10-11 (BLUE-RAY),10011385,1,0
288,SOPRANOS 6 2.4 EP:8-9 (DVD),10011373,1,0
289,ANARCHISM IN AMERICA/FREE VOICE LABOR(DV,10011386,1,0
290,CHAPPELLE'S SHOW: BEST OF UNCENSORED(DVD,10011387,1,0
291,WEEDS 1-1 (BLUE-RAY),10011289,1,0
292,"PLANE, THE (FRENCH) (DVD)",10011388,1,0
293,FRANKLIN'S: BIG GAME  (DVD),10011389,1,0
294,"4400, THE: SE 1 COMPLETE (DVD)",10011390,1,0
295,DEMONS  (W/S) (DVD),10011391,1,0
296,"GUNS, GERMS, AND STEEL: NGV (W/S) (DVD)",10011392,1,0
297,CHAPPELLE'S SHOW: LOST EPISODES (DVD),10011387,1,0
298,TAKE THE LEAD  (W/S) (DVD),10011393,1,0
299,VISIONS OF HORROR: 7 SHORTS (102MIN) W/S,10011394,1,0
300,HEART OF DARKNESS: DISCS 1 & 2 OF 3(DVD),10011395,1,0
301,DEPRAVED DEGENERATES: 6FILMS 2DISCS(DVD),10011396,1,0
302,"ULTIMATE FIGHTER 2, THE: DISCS 1&2 (DVD)",10012132,1,0
303,"ULTIMATE FIGHTER 2, THE: DISCS 3&4 (DVD)",10012133,1,0
304,GORE AND MORE! DISC 1&2 (DVD),10011397,1,0
305,TIT QUEENS OF THE PAST VOL. 2 (DVD),10012134,1,0
306,LONG WAY ROUND: DISCS 1 & 2 OF 3 (DVD),10011398,1,0
307,NOAM CHOMSKY: PEER INTO/ABYSS/FUTURE(DVD,10012135,1,0
308,CFL TRADITIONS: ROUGHRIDERS (DVD),10012136,1,0
309,SKI PORN (45MIN) (DVD),10011399,1,0
310,HOUSE ON HAUNTED HILL & THE BAT (DVD),10011400,1,0
311,HITCHCOCK MONTAGE OF MYSTERIES (DVD),10012137,1,0
312,FAMILY GUY: FREAKIN' SWEET COLLECTI(DVD),10012138,1,0
313,2000 MANIACS!: BLOOD TRILOGY (DVD),10011401,1,0
314,SHARK WEEK: DISC 1 (180MIN) (DVD),10011402,1,0
315,CREATURE COMFORTS: MARRY X-MAS EVER(DVD),10011403,1,0
316,SHARK WEEK: DISC 2 (180MIN) (DVD),10011402,1,0
317,DIEGO SAVES CHRISTMAS! (DVD),10011404,1,0
318,SAVAGE SICKOS (6 MOVIES) (DVD),10012139,1,0
319,MENTAL MANIACS (6 MOVIES) (DVD),10012140,1,0
320,LABYRINTH OF DARKNESS (CZECH)(DVD),10011405,1,0
321,PULSE (JAPANESE) (DVD),10011350,1,0
322,HORROR (10 MOVIES) DISC: 1&2 OF 3 (DVD),10012141,1,0
323,LEONARD MILTIN'S ANIMA FAVES NFBC (DVD,10011406,1,0
324,SHARK WEEK: DISC 3 (131MIN) (DVD),10011402,1,0
325,SHARK WEEK: DISC 4 (180MIN) (DVD),10011402,1,0
326,PASSPORT TO EUROPE: FRANCE & ITALY (DVD),10011407,1,0
327,"UP SERIES, THE DISC 1: 7 UP & 7 + 7(DVD)",10011408,1,0
328,"UP SERIES, THE DISC 2: 21 UP (DVD)",10011408,1,0
329,"UP SERIES, THE DISC 3: 28 UP (DVD)",10011408,1,0
330,"UP SERIES, THE DISC 4: 35 UP (DVD)",10011408,1,0
331,"UP SERIES, THE DISC 5: 42 UP (DVD)",10011408,1,0
332,"PASSPORT TO EUROPE:ENG,IRELAND,SCOTLAND",10012142,1,0
333,NOAM CHOMSKY: U.S & WORLD DOMINATION(DVD,10011409,1,0
334,EMMA GOLDMAN: EXEEDINGLY DANGEROUS WOMAN,10012143,1,0
335,I STILL KNOW WHAT YOU DID LAST SUMMERDVD,10012144,1,0
336,LITTLE BRITAIN: SE 3 (DVD),10011410,1,0
337,CITIZEN BLACK (W/S) (DVD),10011411,1,0
338,DISINFO.CON (DVD),10012145,1,0
339,AN INCONVENIENT TRUTH (DVD),10011412,1,0
340,ORIGINS OF THE DA VINCI CODE  (DVD),10011413,1,0
341,EXPORING THE DA VINCI CODE  (DVD),10011414,1,0
342,MAD MIKES MAYHEM (DIRT BIKE) (DVD),10012146,1,0
343,YU-GI-OH! BATTLE CITY DUELS (DVD),10012147,1,0
344,YU-GI-OH! DUEL IDENTITY (DVD),10011415,1,0
345,WONDERS OF AUSTRALIA'S... MOUNTAINS(DVD),10011353,1,0
346,WONDERS OF AUSTRALIA'S...DESERT/WET(DVD),10011416,1,0
347,LITTLE PRINCESS: CASTLE ADVENTURE (DVD),10011417,1,0
348,MANUFACTURING DISSENT: UNCOV MIKE MOORE,10011418,1,0
349,SILENT MOVIE (MEL BROOKS) (DVD),10011419,1,0
350,SHINOBI: LAW OF SHINOBI & RUNAWAY (DVD),10011420,1,0
351,SHINOBI: HIDDEN TECHNIQUES& WAY OUT(DVD),10011421,1,0
352,STEP UP (W/S) (DVD),10011422,1,0
353,HOW THE UNIVERSE WORKS 2 DISC:1 (DVD),10011423,1,0
354,TERROR STORM: 2ND UPDATED EXTENDED (DVD),10011424,1,0
355,BEER LEAGUE DVD,10011425,1,0
356,WORLD OF STUPID: 1 WALES & FRANCE (DVD),10012148,1,0
357,WORLD OF STUPID: 2 BRAZIL & CHINA (DVD),10011426,1,0
358,WORLD OF STUPID: 4 JAPAN & HAWAII (DVD),10012149,1,0
359,WORLD OF STUPID: 5 RUSSIA & BONUS (DVD),10011427,1,0
360,NGV: SCIENCE OF THE BIBLE: DISC 1&2(DVD),10011428,1,0
361,NAPOLEON DISC:1 EP:1-2 (DVD),10011429,1,0
362,NAPOLEON DICS:2&3 EP:3-4 (DVD),10011429,1,0
363,NATURE CONNECTION: D.SUZUKI EP 1-3 (DVD),10011430,1,0
364,NATURE CONNECTION: D.SUZUKI EP 4-6 (DVD),10011430,1,0
365,NATURE CONNECTION: D.SUZUKI EP 7-9 (DVD),10011430,1,0
366,NATURE CONNECTION: D.SUZUKI EP 10-12 DVD,10011430,1,0
367,GULLIVER'S TRAVELS (BLURAY),10012150,1,0
368,SUICIDE KILLERS: PARADISE IS HELL (DVD),10012151,1,0
369,SOLAR ENERGY: SAVED BY THE SUN: NOVA,10011431,1,0
370,AU: A SNOWBOARDING FILM (DVD),10011432,1,0
371,"STORY OF 1, THE: PBS  (DVD)",10012152,1,0
372,PLAYBOY: VIDEO PLAYMATE CALENDAR (DVD),10011433,1,0
373,ROBERT PLANT & THE STRANGE SENSA...(DVD),10011434,1,0
374,GENE AUTRY 4 WESTERN CLASSICS (DVD),10012153,1,0
375,ROY ROGERS (DVD),10012154,1,0
376,SOUP OF THE DAY (DVD),10011435,1,0
377,TED: FUTURE WE WILL CREATE,10011436,1,0
378,"AMERICAN DAD: SE 1, DISK 1, EP 1-4 (DVD)",10011437,1,0
379,"AMERICAN DAD: SE 1, DISK 2, EP 5-8 (DVD)",10011438,1,0
380,"AMERICAN DAD: SE 1, DISK 3, EP 6-10 (DVD",10011438,1,0
381,MOZARTBALLS: MAD ABOUT MOZART (DVD),10011439,1,0
382,RINGU 0 & RASEN (JAPANESE) (W/S) (DVD),10011440,1,0
383,SECRETS OF LOST EMPIRE: PYRMIN & OBELISK,10012155,1,0
384,NOAH'S ARC: SE 1 DISK 1 EP 1-5 (DVD),10011441,1,0
385,NOAH'S ARC: SE 1 DISK 2 EP:6-9 (DVD),10011441,1,0
386,READY-SET-GROW 2 (DVD),10012156,1,0
387,NIGHT AT THE MUSEUM: SPEC. ED (W/S)(DVD),10011442,1,0
388,WAR  (BLU-RAY),10011443,1,0
389,UFC 61: BITTER RIVALS (DVD),10011444,1,0
390,UFC: ULTIMATE KNOCKOUTS 4 (DVD),10011445,1,0
391,ETHICS AND THE WORLD CRISIS (DVD),10012157,1,0
392,"GODS MUST BE CRAZY, THE:1&2 (W/S) (DVD)",10011446,1,0
393,"HITCHER, THE (2006) (W/S) (DVD)",10011447,1,0
394,"HITCHER, THE (2006) (DVD)",10011447,1,0
395,RISE: BLOOD HUNTER  (W/S) (DVD),10011448,1,0
396,HOW TO KNOW GOD (DEEPAK CHOPRA) (DVD),10011449,1,0
397,LOST 3-1 EP 1-5 (BLU-RAY),10011450,1,0
398,"DEAD LIKE ME: SE 1, DISK 1 (W/S) (DVD)",10011451,1,0
399,"DEAD LIKE ME: SE 1, DISK 3 (W/S) (DVD)",10011452,1,0
400,"DEAD LIKE ME: SE 1, DISK 4 (W/S) (DVD)",10011451,1,0
401,"DEAD LIKE ME: SE 2, DISK 1 (W/S) (DVD)",10011451,1,0
402,"DEAD LIKE ME: SE 2, DISK 3 (W/S) (DVD)",10011452,1,0
403,"DEAD LIKE ME: SE 2, DISK 4 (W/S) (DVD)",10012158,1,0
404,"BREED, THE (2007) (W/S) (DVD)",10011453,1,0
405,HAROLD AND THE PURPLE CRAYON (W/S) (DVD),10011454,1,0
406,HAROLD AND THE PURPLE CRAYON (W/S) (DVD),10011454,1,0
407,LIQUID TALES (30MIN) (DVD),10011455,1,0
408,MR. ROGERS ADVENTURES IN FRIENDSHIP(DVD),10012159,1,0
409,HEAVY METAL (DVD),10011456,1,0
410,"NAKED QUEEN, THE (DVD)",10011457,1,0
411,"TANCHIRO BROTHERS, THE (DVD)",10011458,1,0
412,DROP THE HAMMER (DVD),10011459,1,0
413,BACO10 (DVD),10012160,1,0
414,PROPS: PASSPORT 2002,10012161,1,0
415,BLACK EYED DOG (W/S) (DVD),10011460,1,0
416,QUAY BROTHERS (UK) (DVD),10011461,1,0
417,"DISCOVERY OF WHITES,A EP 5-8 (DVD)",10011462,1,0
418,COMEDY CLUB GREATS (DVD),10011463,1,0
419,WORST OF THE MANY TABBOOS OF DEATH (DVD),10012162,1,0
420,ULTIMATE HORROR COLLECTION: VOL 1 (DVD),10012163,1,0
421,ULTIMATE HORROR COLLECTION: VOL 2 (DVD),10012164,1,0
422,ULTIMATE HORROR COLLECTION: VOL 3 (DVD),10012165,1,0
423,ULTIMATE HORROR COLLECTION: VOL 4 (DVD),10012166,1,0
424,ULTIMATE HORROR COLLECTION: VOL 5 (DVD),10012167,1,0
425,ULTIMATE HORROR COLLECTION: VOL 6 (DVD),10012168,1,0
426,AMY WHINEHOUSE: I TOLD I WAS TROUBLE(DVD,10011464,1,0
427,LOST 3-2 EP 6-10 (BLU-RAY),10011450,1,0
428,LOST 3-3 EP 11-115 (BLU-RAY),10011450,1,0
429,LOST 3-5 EP 21-23 + BONUS (BLU-RAY),10011465,1,0
430,GEOLOGIC JOURNEY: EP 4 & 5 (DVD),10011466,1,0
431,GEOLOGIC JOURNEY: EP 1 - 3 (DVD),10011466,1,0
432,"CROW ROAD, THE (211 MIN) (DVD)",10011467,1,0
433,IT'S A BIG BIG WORLD: HEALTHY & HAPPY,10011468,1,0
434,PIXAR SHORT FILMS COLLECTION (DVD),10011469,1,0
435,DOCTOR OF DOOM (DVD),10011470,1,0
436,"EMPEROR'S NIGHTINGALE, JIRI TRNKA SHORTS",10012169,1,0
437,COLBERT REPORT: BEST OF (DVD),10011471,1,0
438,"FORGOTTEN COAST, THE (W/S) (DVD)",10011472,1,0
439,CRIME NOVEL (ITALY) (DVD),10011473,1,0
440,WORLD EXTREME FIGHTING: ROAD2GLORY (DVD),10012170,1,0
441,TMNT: MOVIE (DVD),10011206,1,0
442,DEEP WATER (W/S) (DVD),10011474,1,0
443,JACK LONDON/FAST AND THE FURIOUS(OLD)(DV,10012171,1,0
444,WHITE ZOMBIE (DVD),10011475,1,0
445,LES PAUL: CHASING SOUND (DVD),10011476,1,0
446,KILLER OF SHEEP: CHARLES BURNETT COLLECT,10012172,1,0
447,MOTO MANIA VOL: 6 LET IT RIDE (DVD),10011477,1,0
448,MOTO MANIA VOL: 5 FREE FOR ALL (DVD),10011477,1,0
449,MOTO MANIA: RIDE MX (DVD),10012173,1,0
450,LITTLE PRINCESS: WINTER FUN (DVD),10011478,1,0
451,"MILO AND OTIS, *DOSN'T PLAY ANY MORE****",10011479,1,0
452,"FIRST 9 1/2 DAYS, THE (DVD)",10011480,1,0
453,BATTLE ROYAL 1 & 2 UNCUT (JAPANESE),10012174,1,0
454,IT'S A BIG BIG WORLD:EVERYBODYS DIFERENT,10012175,1,0
455,HOW THE UNIVERSE WORKS 2 DISC:2 (DVD),10011423,1,0
456,RAGE AGAINST THE MACHINE: REV. USA(DVD),10011481,1,0
457,STAR TREK: NEXT GENERATION 1-1 (BR),10012176,1,0
458,STAR TREK: NEXT GENERATION 1-2 (BR),10011482,1,0
459,STAR TREK: NEXT GENERATION 1-3 (BR),10011483,1,0
460,BON JOVI: LOST HIGHWAY THE CONCERT(DVD),10011484,1,0
461,STAR TREK: NEXT GENERATION 1-4 (BR),10011483,1,0
462,STAR TREK: NEXT GENERATION 1-5 (BR),10011485,1,0
463,STAR TREK: NEXT GENERATION 1-6 (BR),10011482,1,0
464,STAR TREK: NEXT GENERATION 2-1 (BR),10011483,1,0
465,"LAST AIRBENDER, THE (DVD)",10012177,1,0
466,STAR TREK: NEXT GENERATION 2-2 (BR),10011483,1,0
467,STAR TREK: NEXT GENERATION 2-3 (BR),10011483,1,0
468,STAR TREK: NEXT GENERATION 2-4 (BR),10011486,1,0
469,STAR TREK: NEXT GENERATION 2-5 (BR),10011483,1,0
470,NICKTOONS: HALLOWEEN (DVD),10012178,1,0
471,"RWANDA SERIES, THE (DVD)",10011487,1,0
472,FAITH WITHOUT FEAR (DVD),10011488,1,0
473,JINDABYNE W/S) (DVD),10011489,1,0
474,COUGAR CLUB (W/S) (DVD),10011490,1,0
475,HENRY ROLLINS: LIVE CONVERSATION PIT(DVD,10012179,1,0
476,PSYCHO-RAMA: DISK 1 (DVD),10011491,1,0
477,PSYCHO-RAMA: DISK 2 (DVD),10011492,1,0
478,PSYCHO-RAMA: DISK 3 (DVD),10011493,1,0
479,"HITCHCOCK COLLECTION, THE: DISK 1 (DVD)",10012180,1,0
480,"HITCHCOCK COLLECTION, THE: DISK 2 (DVD)",10012181,1,0
481,"HITCHCOCK COLLECTION, THE: DISK 3 (DVD)",10012182,1,0
482,HEARTS OF DARKNESS: A FILM MAKERS APOCAL,10011494,1,0
483,SPACE 1999 1-1 (BRAY),10011495,1,0
484,CONFESS (W/S) (DVD),10011496,1,0
485,AND THE WINNER IS...NFB (DVD),10012183,1,0
486,SPACE 1999 1-3 (BRAY),10011495,1,0
487,NORMAN MCLAREN MASTERS ED: DISC 1 (DVD),10012184,1,0
488,NORMAN MCLAREN MASTERS ED: DISC 2 (DVD),10011497,1,0
489,NORMAN MCLAREN MASTERS ED: DISC 3 (DVD),10011497,1,0
490,NORMAN MCLAREN MASTERS ED: DISC 4 (DVD),10011497,1,0
491,NORMAN MCLAREN MASTERS ED: DISC 5 (DVD),10011497,1,0
492,NORMAN MCLAREN MASTERS ED: DISC 6 (DVD),10011497,1,0
493,NORMAN MCLAREN MASTERS ED: DISC 7 (DVD),10011497,1,0
494,GIANT MONSTERS: DISK 1 (DVD),10011498,1,0
495,GIANT MONSTERS: DISK 2 (DVD),10012185,1,0
496,GIANT MONSTERS: DISK 3 (DVD),10012186,1,0
497,DORA SAVES THE MERMAIDS (DVD),10011499,1,0
498,LOST KING OF THE MAYA (DVD),10011500,1,0
499,GLOBAL WARMING (DVD),10011501,1,0
500,RENT A GOLIE: SE 1 COMPLETE (DVD),10011502,1,0
501,OPTIMISTIC? (DVD),10011503,1,0
502,SPIDER-MAN 3: 2-DISK SPEC. (W/S) (DVD),10011504,1,0
503,JOURNEY TO ARMENIA (FRE/ARMENIAN) (DVD),10011505,1,0
504,SPACE 1999 1-4 (BRAY),10011495,1,0
505,SPACE 1999 1-5 (BRAY),10011495,1,0
506,THRILLERS: DISK 1 (DVD),10012187,1,0
507,THRILLERS: DISK 2 (DVD),10012188,1,0
508,THRILLERS: DISK 3 (DVD),10012189,1,0
509,"WEREWOLVES, VAMPIRES & ZOMBIES:DISK 1 (D",10011506,1,0
510,"WEREWOLVES, VAMPIRES & ZOMBIES:DISK 2 (D",10011507,1,0
511,"WEREWOLVES, VAMPIRES & ZOMBIES:DISK 3 (D",10011507,1,0
512,DRIVE-IN CLASSICS: DISK 1 (DVD),10012190,1,0
513,DRIVE-IN CLASSICS: DISK 2 (DVD),10012191,1,0
514,DRIVE-IN CLASSICS: DISK 3 (DVD),10012192,1,0
515,BEES: TALES FROM THE HIVE (W/S) (DVD),10011508,1,0
516,"OSSUARY, THE: AND OTHER TALES (CZECH)",10012193,1,0
517,SOUTH PARK: CHRISTMAS TIME IN S.P (DVD),10011509,1,0
518,GARFIELD: GETS REAL (W/S) (DVD),10011510,1,0
519,MUPPET SHOW: THE BEST OF (DVD),10011511,1,0
520,CULT HORROR COLLECTION: DISK 1 (DVD),10012194,1,0
521,CULT HORROR COLLECTION: DISK 2 (DVD),10012195,1,0
522,CULT HORROR COLLECTION: DISK 3 (DVD),10012196,1,0
523,POIROT SERIES:6 DISC:1 (BRAY),10011512,1,0
524,POIROT SERIES:6 DISC:2 (BRAY),10011513,1,0
525,"BUBBLE, THE (HEBREW) (DVD)",10011514,1,0
526,99CENT DREAMS  (DVD),10012197,1,0
527,"9/11 - 7/7 CONECTION, THE (DVD)",10012198,1,0
528,"LEAGUE OF GENTLEMEN, THE: SERIES 1 (DVD)",10011515,1,0
529,"LEAGUE OF GENTLEMEN, THE: SERIES 3 (DVD)",10011516,1,0
530,"LEAGUE OF GENTLEMEN, THE: XMAS SPEC(DVD)",10011517,1,0
531,WORLD IN THE BALANCE (W/S) (DVD),10011518,1,0
532,SEARCH FOR A SAFE CIGARETTE (DVD),10012199,1,0
533,LITTLE BRITAIN: LIVE (W/S) (DVD),10011519,1,0
534,I'M ALAN PARTRIDGE: SERIES 1 (DVD),10011520,1,0
535,TESLA'S SECRET WEAPONS  (DVD),10011521,1,0
536,SHATTERED (W/S) (DVD),10011522,1,0
537,UFC 77: RESPECT (W/S) (DVD),10011523,1,0
538,BOYS LOVE  (W/S) (DVD),10011524,1,0
539,ESSENCE QIGONG: ALAIN HERRIOTT (DVD),10012200,1,0
540,WAR  (DVD),10011443,1,0
541,BUILDING WITH AWARENESS: HYBRID HOME,10011525,1,0
542,CONTACT HAS BEGUN: JAMES GILLILAND (DVD),10012201,1,0
543,"GLOBAL WARNING, A (DVD)",10011412,1,0
544,"CHANCER : SER 1, DISK 1, EP 1-4 (DVD)",10011526,1,0
545,"CHANCER : SER 1, DISK 2, EP 5-7 (DVD)",10012202,1,0
546,"CHANCER : SER 1, DISK 3, EP 8-10 (DVD)",10011527,1,0
547,"CHANCER : SER 1, DISK 4, EP 11-13 (DVD)",10012203,1,0
548,RING OF FIRE: INDONESIAN ODYSSEY EP:1-3,10012204,1,0
549,"RING OF FIRE: INDONESIAN ODYSSEY EP:4,5",10012205,1,0
550,DYING TO BE THIN: NOVA (DVD),10012206,1,0
551,JOURNEY OF MAN: PBS (DVD),10011528,1,0
552,"HEMP REVOLUTION, THE (1998) (DVD)",10011529,1,0
553,JONAH: A GREAT FISH STORY (DVD),10011530,1,0
554,THIN (W/S) (DVD),10011531,1,0
555,BATTLESTAR GALACTICA 1-1 EP:1-5 (BRAY),10011532,1,0
556,BATTLESTAR GALACTICA 1-3 EP:11-13(BRAY,10011533,1,0
557,UFO'S ANGELS + GODS (DVD),10012207,1,0
558,BRAZIL (2014) (DVD),10011534,1,0
559,STORM HAWKS: THE CODE (W/S) (DVD),10011535,1,0
560,STORM HAWKS: AGE OF HEROES (W/S) (DVD),10012208,1,0
561,QUIET CITY & DANCE PARTY USA (2 MOVIES),10011536,1,0
562,"MIST, THE 2DISC (W/S) (DVD)",10012209,1,0
563,ALVIN AND THE CHIPMUNKS (DVD),10011537,1,0
564,ALVIN AND THE CHIPMUNKS (B-RAY),10011537,1,0
565,ROME 2-3 EP:5-6 (BRAY),10011538,1,0
566,JOHN FROM CINCINNATI: DISK 1 (W/S) (DVD),10011539,1,0
567,JOHN FROM CINCINNATI: DISK 2 (W/S) (DVD),10011539,1,0
568,JOHN FROM CINCINNATI: DISK 3 (W/S) (DVD),10011539,1,0
569,NGV: STONEHENGE DECODED  (DVD),10011540,1,0
570,FRANNY'S FEET: PRINCESS FRANNY!,10012210,1,0
571,SNAP: DISC GOLF MOVIE  (DVD),10012211,1,0
572,ROME 2-4 EP:7-8 (BRAY),10011541,1,0
573,P2: A NEW LEVEL OF TERROR (W/S) (DVD),10011542,1,0
574,ROME 2-5 EP:9-10 (BRAY),10011543,1,0
575,ROME 1-1 EP:1-2 (BRAY),10011543,1,0
576,"ROCK OF LOVE: SE 1, DISK 1, EP 1-4 (DVD)",10011544,1,0
577,"ROCK OF LOVE: SE 1, DISK 2, EP 5-8 (DVD",10011545,1,0
578,"ROCK OF LOVE: SE 1, DISK 3, EP 9-13 (DVD",10011544,1,0
579,NGV: SEA MONSTERS: PREHISTORIC ADV(B-RAY,10012212,1,0
580,UFC: BEST OF 2007,10011546,1,0
581,OVER AMERICA (BRAY),10011547,1,0
582,SEED  (DVD),10011548,1,0
583,FICTION  (CATALAN/SPANISH) (DVD),10012213,1,0
584,ROME 1-3 EP:6-8 (BRAY),10011543,1,0
585,GFE: GIRLFRIEND EXPERIENCE (DVD),10011549,1,0
586,D-DAY (2DISK) (B&W) (DVD),10011550,1,0
587,COLDPLAY LIVE 2003 (2DISK) (DVD),10011551,1,0
588,UNEXPLAINED MYSTERIES (DVD),10011552,1,0
589,CYBORG (DVD),10011553,1,0
590,ROME 1-4 EP:9-10 (BRAY),10011543,1,0
591,AC/DC STIFF UPPER LIP LIVE (DVD),10011554,1,0
592,ROME 1-5 EP:11-12 (BRAY),10011543,1,0
593,LORD STANLEY'S CUP (DVD),10011555,1,0
594,PINNOCHIO -LIVE ACTION- (DVD),10012214,1,0
595,STAG (DVD),10011556,1,0
596,WORLD EXTREME FIGHTING: GREATEST (DVD),10012215,1,0
597,CONSPIRACY THEORY/TEQUILA SUNRISE (DVD),10011557,1,0
598,MONARCHY: THE ROYAL FAMILY (DVD),10011558,1,0
599,NGV: HUMAN FOOTPRINT (DVD) (W/S),10011559,1,0
600,GOTHIC (DVD),10011560,1,0
601,DAVID BECKHAM: LIFE OF AN ICON (W/S) (DV,10012216,1,0
602,POCOYO: LEARNING THROUGH LAUGHTER (DVD),10012217,1,0
603,HIGH SCHOOL MUSICAL: CONCERT (DVD),10011561,1,0
604,"LAST WEDDING, THE (DVD)",10011562,1,0
605,GREATEST CANADIAN INVENTION (DVD),10011563,1,0
606,DEADLY DRIFTER/ BLOOD TIDE (DVD),10012218,1,0
607,BATTLESTAR GALACTICA 3-1 EP:1-5 (BRAY),10011533,1,0
608,BATTLESTAR GALACTICA 3-2 EP: 6-9 (BRAY),10011564,1,0
609,BATTLESTAR GALACTICA 3-3 EP: 10-13(B/R),10011565,1,0
610,"RESCUERS, THE (W/S) (DVD)",10011566,1,0
611,STALLONE 4 PACK: DEMO MAN/OVER THE TOP,10011567,1,0
612,"SECRET, THE (2008) (DVD)",10011568,1,0
613,BATTLESTAR GALACTICA 3-4 EP: 14-18(B/R),10011533,1,0
614,BATTLESTAR GALACTICA 3-5 EP: 15-17(B/R),10011533,1,0
615,ELITE XC: SHAMROCK VS. GRACIE (W/S) (DVD,10012219,1,0
616,ELITE XC: DIAZ VS. NOONS (W/S) (DVD),10011569,1,0
617,SPAWN 2: THE WAR CONTINUES,10011570,1,0
618,CHE GUEVARA:WHERE YOUD NEVER IMAGINE HIM,10011571,1,0
619,"LIPSTICK JUNGLE: SE 1, DISK 1 (W/S) (DVD",10011572,1,0
620,BATTLESTAR GALACTICA 2-2 EP:6-10(BRAY),10011533,1,0
621,BATTLESTAR GALACTICA 2-3 EP:11-14 (BRAY),10011533,1,0
622,"LIPSTICK JUNGLE: SE 1, DISK 2 (W/S) (DVD",10011572,1,0
623,BATTLESTAR GALACTICA 2-4 EP: 15-18(B/R),10011573,1,0
624,CATS OF MIRIKITANI (DVD),10011574,1,0
625,EYE (USA) (DVD),10011575,1,0
626,ANIMATION SHOW,10011576,1,0
627,COMEDY CENTRALS' HOME GROWN (DVD),10011577,1,0
628,"LIST, THE (W/S) (DVD)",10011578,1,0
629,BATTLESTAR GALACTICA 2-5 EP: 17-19(B/R),10011579,1,0
630,POIROT SERIES:5 DISC:1 (BRAY),10011512,1,0
631,PRODUCT PLACEMENT: CUT CHEMIST DJ SHADOW,10011580,1,0
632,WEEDS 3-1 (BRAY),10011289,1,0
633,WEEDS 3-2 (BRAY),10011581,1,0
634,MUFFINS FOR GRANNY (DVD),10011582,1,0
635,POIROT SERIES:5 DISC:2 (BRAY),10011512,1,0
636,"SOURCE OF THE SECRET, THE (DVD)",10011583,1,0
637,POIROT SERIES:4 DISC:1 (BRAY),10012220,1,0
638,EXTREME SUMMER  (SURFING CLIMMING) (DVD),10012221,1,0
639,POIROT SERIES:4 DISC:2 (BRAY),10012222,1,0
640,"BEAST IN SPACE, THE (ITALIAN) (W/S) (DVD",10011584,1,0
641,ACTIONGIRLS: SOLDIERS OF THE DEAD (DVD),10011585,1,0
642,JOURNEY ALONG THE SILK ROAD (JAPANESE)(D,10011586,1,0
643,AVOID EYE CONTACT (DVD),10011587,1,0
644,"YOUNG ONES, THE: SERIES 1 (DVD)",10011588,1,0
645,"YOUNG ONES, THE: SERIES 2 + BONUS (DVD)",10012223,1,0
646,"CARNIVALE: SE 1, DISKS 1/2, EP 1-4 (DVD)",10012224,1,0
647,"CARNIVALE: SE 1, DISKS 3/4, EP 5-8 (DVD)",10011589,1,0
648,"CARNIVALE: SE 1, DISKS 5/6, EP 9-12 (DVD",10011589,1,0
649,"X FILES REVELATIONS, THE (DVD)",10011590,1,0
650,"BLADE, THE SERIES: DISK 1, EP 1-2 (W/S)",10011591,1,0
651,"BLADE, THE SERIES: DISK 2, EP 3-5 (W/S)",10011591,1,0
652,"BLADE, THE SERIES: DISK 3, EP 6-9 (W/S)",10011591,1,0
653,"BLADE, THE SERIES: DISK 4, EP 10-13 (W/S",10012225,1,0
654,MAD MEN 1-2 EP 1-5 (BRAY),10011592,1,0
655,MAD MEN 1-2 EP 6-9 (BRAY),10011592,1,0
656,MAD MEN 1-3 EP 10-13 (BRAY),10011592,1,0
657,POIROT SERIES:3 DISC:1 (BRAY),10011512,1,0
658,ROBIN -B- HOOD (CANTONESE) (W/S) (DVD),10011593,1,0
659,POIROT SERIES:3 DISC:2 (BRAY),10011512,1,0
660,POIROT SERIES:3 DISC:3 (BRAY),10011594,1,0
661,SINNERS + SKI YOUR ASS OFF II (DVD),10012226,1,0
662,BUILDING GREEN: DISK 1 (DVD),10012227,1,0
663,SEA MONSTERS (W/S) (DVD),10011595,1,0
664,STRANGE DAYS ON PLANET EARTH 2 (W/S) (DV,10011596,1,0
665,ROBOT CHICKEN: STAR WARS (DVD),10011597,1,0
666,ROBOT CHICKEN: STAR WARS (DVD),10011597,1,0
667,BATTLESTAR GALACTICA 4-1 RAZOR (BRAY),10011598,1,0
668,BATTLESTAR GALACTICA 4-2 EP: 1-5 (DVD),10011533,1,0
669,BATTLESTAR GALACTICA 4-3 EP:6-10(BRAY),10011533,1,0
670,"HOW-TO GUIDE TO PLASTERING W/NHL, THE (D",10012228,1,0
671,HOW-TO GUIDE TO BUILDING W/STRAW BALES (,10012229,1,0
672,ELITE XC: UPRISING (DVD),10011599,1,0
673,BATTLESTAR GALACTICA 4-4 (PART 2) EP1-5,10011600,1,0
674,CLASH OF THE CAVEMEN (DVD),10011601,1,0
675,BATTLESTAR GALACTICA 4-5 (PART 2) EP6-10,10011533,1,0
676,BATTLESTAR GALACTICA 4-6 (PART 2)EP11-13,10011533,1,0
677,TERMINAL CITY: COMP EP: 1-3  (DVD),10011602,1,0
678,TERMINAL CITY: COMP EP: 4-7  (DVD),10011602,1,0
679,TERMINAL CITY: COMP EP: 8-10  (DVD),10011602,1,0
680,HEROES 2-2 EP: 5-8 (B/RAY),10011603,1,0
681,HEROES 2-3 EP: 9-10 (B/RAY),10011604,1,0
682,HEROES 2-4 EP: 11 (B/RAY),10011604,1,0
683,MONSANTO (DVD),10011605,1,0
684,"ONE GARDEN, TWO LOOKS (DVD)",10011606,1,0
685,STARGATE 2012 (DVD),10011607,1,0
686,COMPLETE GARDENER: GARDENING TIPS (DVD),10012230,1,0
687,HAMMER FILMS: 4 CREEPY CLASSICS (DVD),10012231,1,0
688,COMPLETE GARDEN:PLANNING & MAINTENANCE,10012232,1,0
689,COMPLETE GARDEN: ANNUALS AND PERENNIALS,10012233,1,0
690,GONE IN 60 SECONDS: COLLECTORS (DVD),10011608,1,0
691,RENOVATION NATION: RECYCLE & RECLAIM,10012234,1,0
692,ROME: RISE/FALL OF AN EMPIRE: DISK 1 (DV,10011609,1,0
693,ROME: RISE/FALL OF AN EMPIRE: DISK 3 (DV,10011610,1,0
694,ROME: RISE/FALL OF AN EMPIRE: DISK 4 (DV,10011610,1,0
695,OBARA & THE MERCHANTS (SHORT)  (DVD),10012235,1,0
696,BILL'S DIRTY SHORTS: BILL PLYMPTON,10012236,1,0
697,ADRENALINE HUNTERS: (SKI & SNOWBOARD),10011611,1,0
698,SHAUN THE SHEEP: OFF THE BAA! (DVD),10011612,1,0
699,EXTREME: IMAX & NGV (45MIN) (DVD),10011613,1,0
700,SKATE OR DIE (FRENCH)(W/S) (DVD),10011614,1,0
701,STRESS: PORTRAIT OF A KILLER (DVD),10011615,1,0
702,SISTERHOOD OF THE TRAVELING PANTS B/R,10011616,1,0
703,SISTERHOOD OF THE TRAVELING PANTS 2 DVD,10011617,1,0
704,SISTERHOOD OF THE TRAVELING PANTS 2 DVD,10011617,1,0
705,JONAS BROTHERS (DVD),10011618,1,0
706,"LAST CONTINENT, THE (DVD)",10011619,1,0
707,LOST 4-2 EP 4-7 (B-RAY),10011620,1,0
708,LOST 4-3 EP 8-11 (B-RAY),10011621,1,0
709,LOST 4-4 EP 12-14 (B-RAY),10011620,1,0
710,ULTIMATE RIDE: SHAUN WHITE (W/S) (DVD),10011622,1,0
711,CRYING FREEMAN: ABDUCTION IN CHINA (DVD),10011623,1,0
712,CHRISTMAS CAROL/CHRISTMAS IN CONNECTICUT,10011624,1,0
713,SHOP AROUND CORNER/IT HAPPENED ON 5TH AV,10011625,1,0
714,HEROES 3-2 EP: 6-10 (BLU-RAY),10011604,1,0
715,PING PONG PLAYA )DVD),10012237,1,0
716,HEROES 3-4 EP: 16-20 (BLU-RAY),10011604,1,0
717,HEROES 3-5 EP: 21-25 (BLU-RAY),10011626,1,0
718,CECIL B. DEMILLE: COLLECTION DISC: 1,10012238,1,0
719,CECIL B. DEMILLE: COLLECTION DISC: 2,10012239,1,0
720,CECIL B. DEMILLE: COLLECTION DISC: 3,10012240,1,0
721,CECIL B. DEMILLE: COLLECTION DISC: 4,10012241,1,0
722,CECIL B. DEMILLE: COLLECTION DISC: 5,10012242,1,0
723,ICON (DVD),10011627,1,0
724,GENE AUTRY: DOUBLE FEATURE (DVD),10012243,1,0
725,ROY ROGERS: DOUBLE FEATURE (DVD),10012244,1,0
726,BUCK ROGERS DISC:3 (DVD),10011628,1,0
727,BUCK ROGERS DISC:4 (DVD),10012245,1,0
728,DIGITAL FILM CAMP 2007-2008 (DVD),10011629,1,0
729,TRIBUTE STANLEY TOOKIE WILLIAMS (DVD),10011630,1,0
730,HOW TO LOSE FRIENDS & ALIENATE **RSRFCE,10012246,1,0
731,ALL ABOUT GARBAGE & RECYCLING + TRUCKS,10012247,1,0
732,BUCK ROGERS DISC:5 (DVD),10011628,1,0
733,"FUNNY WORLD OF LUCY, THE (DVD)",10011631,1,0
734,CLASSIC DETECTIVES,10012248,1,0
735,TIBET (DVD),10011632,1,0
736,"FIRE NEXT TIME, THE/ ON THE BEACH (DVD)",10011633,1,0
737,JERRY LEE LEWIS: LIVE FROM AUSTIN (DVD),10012249,1,0
738,LEADING LADIES: V.2 BARBARA STANWYCK (DV,10011634,1,0
739,LEADING LADIES: V.3 AVA GARDNER (DVD),10012250,1,0
740,LEADING LADIES: V.4  HELEN HAYES (DVD),10012251,1,0
741,LEADING LADIES: V.5  LIZ TAYLOR (DVD),10011635,1,0
742,"LUCY SHOW, THE: 4 STAR FILLED EPS. (DVD)",10011636,1,0
743,TRUE MOTION: VOL 2 (DVD),10012252,1,0
744,"TEMPTATIONS, THE: 1965-1972 (W/S) (DVD)",10012253,1,0
745,TWILIGHT (W/S) (DVD),10012254,1,0
746,TYSON (DVD),10012255,1,0
747,TWILIGHT (BLU-RAY) (W/S),10011637,1,0
748,INTERMEDIATE PILATES MAT (DVD),10011638,1,0
749,BASICS YOGA (DVD),10011639,1,0
750,POWER VINYASA (DVD),10011640,1,0
751,BERENSTAIN BEARS: SNOWBEARS (DVD),10012256,1,0
752,"FRAGGLE ROCK: SE 1, DISCS 4/5 (DVD)",10012257,1,0
753,I DO (BUT I DONT) (DVD),10011641,1,0
754,JOHN WAYNE DOUBLE FEATURE (DVD),10012258,1,0
755,HOLIDAY TV COMEDY COLLECTION (DVD),10012259,1,0
756,MY LITTLE PONY: TWINKLE WISH ADV. (DVD),10011642,1,0
757,BLOOD ON THE FLAT TRACK (DVD),10011643,1,0
758,SPLINTER (2009) (W/S) (DVD),10011644,1,0
759,HOUSE OF SADDAM: PT. 1 & 2 (W/S) (DVD),10011645,1,0
760,CHARLES BRONSON (DVD),10011646,1,0
761,CAT STEVENS: MAJIKAT TOUR '76 (W/S) (DVD,10011647,1,0
762,UNSCRIPTED (W/S) (DVD),10011648,1,0
763,NAT GEOGRAPHIC: ATMOSPHERES (BRAY),10012260,1,0
764,WEEDS 4-1 EP:1-7 (BR),10011649,1,0
765,WEEDS 4-2 EP:8-13 (BR),10011650,1,0
766,LIFE AFTER PEOPLE SE:1 EP:8-10 (DVD),10011268,1,0
767,LIFE AFTER PEOPLE SE:1 EP:5-7 (DVD),10011268,1,0
768,MAFIA: CODE OF CONDUCT (DVD),10012261,1,0
769,BABY EINSTIEN: BABY MOZART (DVD),10011651,1,0
770,LIFE AFTER PEOPLE SE:1 EP:1-4 (DVD),10011268,1,0
771,FOREVER FAITHFUL: CANUCKS MOVIE (DVD),10011652,1,0
772,LEGENDARY WESTERNS: VOL. 6 (DVD),10012262,1,0
773,LEGENDARY WESTERSN: VOL. 5 (DVD),10012263,1,0
774,LEGENDARY WESTERNS: VOL. 4 (DVD),10012264,1,0
775,LEGENDARY WESTERNS: VOL. 3 (DVD),10012265,1,0
776,LEGENDARY WESTERNS: VOL. 2 (DVD),10012266,1,0
777,LEGENDARY WESTERNS: VOL. 1 (DVD),10012267,1,0
778,MARITAL ARTS COLLECTION: VOL. 6 (DVD),10011653,1,0
779,MARTIAL ARTS COLLECTION: VOL. 5 (DVD),10011653,1,0
780,MARTIAL ARTS COLLECTION: VOL. 3 (DVD),10011653,1,0
781,MARTIAL ARTS COLLECTION: VOL. 2 (DVD),10011653,1,0
782,MARTIAL ARTS COLLECTION: VOL. 1 (DVD),10011653,1,0
783,MARTIAL ARTS COLLECTION: VOL.4 (DVD),10011653,1,0
784,WHOSE LINE IS IT ANYWAY? BEST OF (W/S)(D,10012268,1,0
785,JOHN WAYNE: DISC 1 (DVD),10012269,1,0
786,JOHN WAYNE: DISC 2 (DVD),10012270,1,0
787,JOHN WAYNE: DISC 3 (DVD),10012271,1,0
788,JOHN WAYNE: DISC 4 (DVD),10012272,1,0
789,SILICON VALLEY 5 EP: 1-8 (DVD),10011654,1,0
790,CROSSING THE EVENT HORIZON: 1,10012273,1,0
791,CROSSING THE EVENT HORIZON: 3,10011655,1,0
792,CROSSING THE EVENT HORIZON: 4,10011655,1,0
793,HUBBLE'S AMAZING RESCUE (DVD),10011656,1,0
794,"CIVILIAN CONSERVATION CORPS, THE (DVD)",10011657,1,0
795,"UNION, THE  (W/S) (DVD)",10011658,1,0
796,"UNION, THE (DVD) (W/S)",10011658,1,0
797,"UNION, THE (W/S) (DVD)",10011658,1,0
798,"UNION, THE (W/S) (DVD)",10011658,1,0
799,WILLARD (DVD) (W/S),10011659,1,0
800,TYSON (BRAY),10012274,1,0
801,CLONE COMMANDOS (DVD),10011660,1,0
802,NITRO CIRCUS SE: 1 (2 DISC) (DVD),10011661,1,0
803,"TRANSFORMERS: SE 2.1, DISC 1 (DVD)",10011662,1,0
804,"TRANSFORMERS: SE 2.1, DISC 2 (DVD)",10011662,1,0
805,MY NAME IS EARL 4-1 (BRAY),10011663,1,0
806,MY NAME IS EARL 4-2 (BRAY),10011663,1,0
807,MY NAME IS EARL 4-3 (BRAY),10011664,1,0
808,MY NAME IS EARL 4-4 (BRAY),10011663,1,0
809,POLICE TV (3 DISCS) (DVD),10012275,1,0
810,MOON OF THE WOLF/ HIJACK (DVD),10011665,1,0
811,BEST OF BONANZA (DVD),10012276,1,0
812,COP IN BLUE JEANS/ FOUR DUECES (DVD),10011666,1,0
813,SHRINK (DVD),10011667,1,0
814,TUESDAY (DVD),10011668,1,0
815,DEATH IN TEHRAN & UGANDA OUT OF THE WILD,10012277,1,0
816,ONE CUP OF COFFEE: MARLEY COFFEE (22MIN),10011669,1,0
817,DWIGHT YOAKAM (DVD),10012278,1,0
818,SCI FI COLLECTION (DVD),10012279,1,0
819,OFFSPRING (W/S) (DVD),10011670,1,0
820,OFFSPRING (W/S) (DVD),10011670,1,0
821,DORA'S CHRISTMAS (DVD),10011671,1,0
822,EASTERN MYSTICS DISC:1 (DVD),10012280,1,0
823,THRILLS PACK DISK 1 (DVD),10012281,1,0
824,THRILLS PACK DISK 2 (DVD),10012282,1,0
825,THRILLS PACK DISK 3 (DVD),10012283,1,0
826,THRILLS PACK DISK 4 (DVD),10012284,1,0
827,"SCRAT PACK, THE (DVD)",10012285,1,0
828,CHANGING SADDLES (DVD),10011672,1,0
829,DORA'S CHRISTMAS CAROL (DVD),10011671,1,0
830,BLACK ADDER I: REMASTERED (W/S) (DVD),10011673,1,0
831,BLACK ADDER III: REMASTERED (W/S) (DVD),10012286,1,0
832,SPONGEBOB: THE SEASCAPE CAPERS (DVD),10011674,1,0
833,HOME IS WHERE THE HEART IS (DVD),10011675,1,0
834,SPONGEBOB: TALES FROM THE DEEP (DVD),10011676,1,0
835,YOUR HEALING HANDS (DVD),10011677,1,0
836,HOW TO SEE AND PERCIEVE ENERGY (DVD),10012287,1,0
837,NAM JUNE PAIK: THE TIGER LIVES (DVD),10012288,1,0
838,CRUSADE DISC:1 EP:1-4 (DVD),10012289,1,0
839,CRUSADE DISC:2 EP:5-8 (DVD),10012290,1,0
840,CRUSADE DISC:3 EP:9-12 (DVD),10012291,1,0
841,CRUSADE DISC:4 EP:13 (DVD),10012292,1,0
842,OUT OF THE BLUE DISC'S 1&2 OF 3,10012293,1,0
843,SPONGEBOB: GOES PREHISTORIC (DVD),10011678,1,0
844,BLACK AND WHITE (W/S) (DVD),10012294,1,0
845,LUTHER 4  (DVD),10011679,1,0
846,MOVIES 101: AWARD WINNERS (DVD),10012295,1,0
847,MOVIES 101: LEADING LADIES (DVD),10011680,1,0
848,MOVIES 101: LEADING MEN (DVD),10011681,1,0
849,MOVIES 101: ICONS (DVD),10012296,1,0
850,PUCCA: SPOOKY SOOGA VILLAGE (DVD),10012297,1,0
851,MR. ROGERS A DAY AT THE CIRCUS (DVD),10012298,1,0
852,MONTY PYTHON CONQUERS AMERICA (DVD),10012299,1,0
853,MONTY PYTHON: LIVE! DISK 1 (DVD),10011682,1,0
854,MONTY PYTHON: LIVE! DISK 2 (DVD),10012300,1,0
855,2012: MAYAN PROPHECY (DVD),10011683,1,0
856,2012: ANCIENT CODE (DVD),10011684,1,0
857,OUT OF THE BLUE   DISC 3 OF 3,10011685,1,0
858,SMASH CUT (DVD),10011686,1,0
859,SHIRLEY TEMPLE CLASSICS (B&W) (DVD),10012301,1,0
860,CHRISTMAS YULETIDE FOLLIES (DVD),10012302,1,0
861,"CURSE OF KING TUTS TOMB, THE (DVD)",10011687,1,0
862,WHAT A CATCH TRAVEL: BRAZIL (DVD),10011688,1,0
863,BEST OF THE CROW (DVD),10012303,1,0
864,FAMILY GUY SOMETHING DARKSIDE (DVD),10011689,1,0
865,PINOCCHIO (2010) (DVD),10011690,1,0
866,WRITING ON THE WALL (DVD),10011691,1,0
867,THIS EMOTIONAL LIFE DISC:1 (DVD),10011692,1,0
868,GUESS HOW MUCH I LOVE YOU (DVD),10011693,1,0
869,BLOODSUCKERS: 3 VAMPIRE FILMS (DVD),10011694,1,0
870,ALONG FOR THE RIDE (DVD),10011695,1,0
871,MODERN DRUMMER FESTIVAL 2000  (DVD),10012304,1,0
872,WUSHU (MANDARIN) (DVD),10011696,1,0
873,WWII IN HD DISC:1 (DVD),10011697,1,0
874,WWII IN HD DISC:2 (DVD),10011697,1,0
875,WWII IN HD DISC:3 (DVD),10011697,1,0
876,THIS EMOTIONAL LIFE DISC:2 (DVD),10011692,1,0
877,THIS EMOTIONAL LIFE DISC:3 (DVD),10011698,1,0
878,WAMEGO: MAKING MOVIES ANYWHERE  (DVD),10011699,1,0
879,CANCER WARRIOR (DVD),10011700,1,0
880,ANIMATED TALES OF THE WORLD: AUSTRALIA,10011701,1,0
881,"TEACHINGS OF ABRAHAM, THE DISC:2 (DVD)",10012305,1,0
882,"TEACHINGS OF ABRAHAM, THE DISC:3 (DVD)",10012306,1,0
883,"TEACHINGS OF ABRAHAM, THE DISC:4 (DVD)",10012307,1,0
884,"TEACHINGS OF ABRAHAM, THE DISC:5 (DVD)",10012308,1,0
885,SAMHAIN LIVE 1984 (DVD),10011702,1,0
886,POLICE ACADEMY 1&2 (DVD),10012309,1,0
887,$9.99 (DVD) (W/S),10012310,1,0
888,WELCOME (FRENCH) (DVD),10011703,1,0
889,VERTICAL FEAR (FRENCH)(DVD),10011704,1,0
890,KIDS CAN'T WAIT (DVD),10011705,1,0
891,UFC: BEST OF 2009 (BLURAY),10011706,1,0
892,UFC: BEST OF 2009 (DVD),10011706,1,0
893,EASTERN MYSTICS DISC:3 (DVD),10012311,1,0
894,KINGPIN DISC:1 (DVD),10011707,1,0
895,KINGPIN DISC:2 (DVD),10011707,1,0
896,KINGPIN DISC:3 (DVD),10011707,1,0
897,EASTERN MYSTICS DISC:4 (DVD),10012312,1,0
898,"BUCHAREST, TRANSYLVANIA, ROMANIA (DVD)",10012313,1,0
899,ARE WE ALONE IN THE UNIVERSE? (DVD),10012314,1,0
900,"KARATE KID, THE (DVD)",10012315,1,0
901,MAD MEN 3-1 (BLURAY),10011708,1,0
902,MAD MEN 3-2 (BLURAY),10011709,1,0
903,MAD MEN 3-3 (BLURAY),10011592,1,0
904,WUBBZY GOES GREEN (DVD),10012316,1,0
905,WHAT DARWIN NEVER KNEW (B/R),10011270,1,0
906,NAKED AMBITION (DVD),10011710,1,0
907,"TAKE, THE DISC:1 (DVD)",10012317,1,0
908,"TAKE, THE DISC:2 (DVD)",10012318,1,0
909,ROBIN WILLIAMS WEAPONS OF MASS (DVD),10011711,1,0
910,KENNY CHESNEY: WHEN THE SUN GOES DOWN (D,10012319,1,0
911,HILARY BURNETT'S PILATES INTERMEDIATE (D,10012320,1,0
912,ACE VENTURA: ANIMATED SERIES (W/S) (DVD),10011712,1,0
913,WHO THE HELL IS PETE DOHERTY? (W/S) (DVD,10011713,1,0
914,AMAZING PLACES (BRAY) (W/S),10011714,1,0
915,AS TIME RUNS OUT (DVD),10011715,1,0
916,AMAZING PLACES: AFRICA (W/S) (DVD),10011716,1,0
917,PRODIGY: TIGER WOODS (DVD),10012321,1,0
918,ZULU (2014) (DVD),10011717,1,0
919,"GOLDEN CHRISTMAS, A  (DVD)",10011718,1,0
920,AFRICA ON THE MOVE DISC 1 (DVD),10011719,1,0
921,AFRICA ON THE MOVE DISC 2 (DVD),10011719,1,0
922,STEPHEN FRY IN AMERICA DISC:1 (DVD),10011720,1,0
923,STEPHEN FRY IN AMERICA DISC:2 (DVD),10011720,1,0
924,"VACCINE WAR, THE PBS: FRONTLINE (DVD)",10011721,1,0
925,INTO THE DEEP PBS: (DVD),10011722,1,0
926,HUNGRY HILLS (W/S) (DVD),10011723,1,0
927,FIRST EARTH (DVD),10011724,1,0
928,"PLUTO FILES, THE PBS: NOVA  (DVD)",10011725,1,0
929,FRANKENSTEIN (2003) (DVD),10011726,1,0
930,"QUAKE, THE PBS: FRONTLINE (DVD)",10012322,1,0
931,SHAUN THE SHEEP: GIANT LEAP FOR LAMBKIND,10012323,1,0
932,KIDS IN THE HALL DEATH COMES TO TOWN DVD,10011727,1,0
933,JONE$ES (DVD),10011728,1,0
934,WANDERING CANADA SE:1 DISK:1 (DVD),10011729,1,0
935,WANDERING CANADA SE:1 DISK:2 (DVD),10011729,1,0
936,WANDERING CANADA SE:1 DISK:3 (DVD),10011729,1,0
937,WANDERING CANADA SE:2 DISK:1  (DVD),10011729,1,0
938,WANDERING CANADA SE:2 DISK:2  (DVD),10011729,1,0
939,WANDERING CANADA SE:2 DISK:3  (DVD),10011729,1,0
940,LETTERKENNY 4 EP: 1-6 (DVD),10011730,1,0
941,ZACH GALIFIANAKIS: LIVE PURPLE ONION DVD,10011731,1,0
942,PEACE THROUGH MUSIC (W/S) (DVD),10011732,1,0
943,STREET DANCE (DVD),10011733,1,0
944,SPARTACUS 2-1 BLOOD & SAND EP:1-4 (B/R),10012324,1,0
945,SPARTACUS 2-2 BLOOD & SAND EP:5-8 (B/R),10011734,1,0
946,SPARTACUS 2-3 BLOOD & SAND EP:9-13(B/R),10011734,1,0
947,MAD MEN 2-2 EP 6-9 (BLURAY),10011735,1,0
948,MAD MEN 2-3 EP 10-13 (BLURAY),10011736,1,0
949,THEORY AND PRACTICE (DVD),10012325,1,0
950,VENEZUELA: REVOLUTION (DVD),10011737,1,0
951,PRIME SUSPECT SERIES:6 (DVD),10011738,1,0
952,PRIME SUSPECT SERIES:3 (DVD),10011739,1,0
953,GOOD (DVD),10011740,1,0
954,PETALS:VAGINA DIALOGUES (DVD),10011741,1,0
955,GANGSTER'S PARADISE: JERUSALEM (DVD),10011742,1,0
956,RUST (DVD),10011743,1,0
957,"KARATE KID, THE (BLURAY)",10011744,1,0
958,MEIN KAMPF (GERMAN) (DVD),10011745,1,0
959,OCEANS (DISNEY) (DVD),10011236,1,0
960,OCEANS (DISNEY) (DVD),10011236,1,0
961,ALTITUDE (DVD),10011746,1,0
962,BREAKING BAD 2-1 EP: 1-5 (BR),10012326,1,0
963,GIALLO (DVD),10011747,1,0
964,SNL: BEST OF '09/'10 (DVD),10012327,1,0
965,CRUDE: THE REAL PRICE OF OIL (DVD),10011748,1,0
966,"LAST AIRBENDER, THE  (DVD)",10011749,1,0
967,"LAST AIRBENDER, THE (BLURAY)",10011749,1,0
968,GREAT MIGRATIONS DISC:1 (DVD),10011750,1,0
969,GREAT MIGRATIONS DISC:2 (DVD),10011750,1,0
970,GREAT MIGRATIONS DISC:3 (DVD),10011750,1,0
971,"PILLARS OF THE EARTH, THE DISC:1 (DVD)",10011751,1,0
972,"PILLARS OF THE EARTH, THE DISC:2 (DVD)",10012328,1,0
973,"PILLARS OF THE EARTH, THE DISC:3 (DVD)",10011751,1,0
974,"INCOMAPPLEUX, THE (DVD)",10012329,1,0
975,DOCTOR WHO 2011 CHRISTMAS SPECIAL (DVD),10011752,1,0
976,ANCHORMAN  (B/R),10011753,1,0
977,IRON MAN EXTREMIS (DVD),10011754,1,0
978,"DOLPHIN, THE (DVD)",10011755,1,0
979,TRAILER PARK BOYS:SAY GOODNIGHT BADGUYS,10011756,1,0
980,FAMILY GUY IT'S A TRAP (DVD),10011757,1,0
981,HOPE FOR THE ADDICTED (DVD) (W/S),10011758,1,0
982,MR. WARMTH (DVD),10011759,1,0
983,GOLDILOCKS AND THE 3 BEARS (DVD),10012330,1,0
984,BATTLESTAR GALACTICA: D5 (1978) (DVD),10011760,1,0
985,HASHISH (DVD),10011761,1,0
986,ELIZABETH I DISC:1 (DVD),10012331,1,0
987,ELIZABETH I DISC:2 (DVD),10012332,1,0
988,RUSSELL PETERS: GREEN CARD TOUR (DVD),10011762,1,0
989,STRETCH (DVD),10012333,1,0
990,EARTH PILGRIMS (DVD),10011763,1,0
991,MINI-MOVIE COLLECTION (DVD),10011764,1,0
992,GNOMEO & JULIET 2D (B/R),10011765,1,0
993,PELICAN BLOOD (DVD),10011766,1,0
994,PETER ALLEN: THE BOY FROM OZ (DVD) (W/S),10011767,1,0
995,YOGA FOR YOUR MOODS (DVD) (W/S),10012334,1,0
996,IMAX: OCEAN WONDERLAND 2D/3D(BLURAY),10011768,1,0
997,GNOMEO & JULIET  (N/C),10011765,1,0
998,ANCIENT MYSTERIES DISK:1 (DVD),10011769,1,0
999,ANCIENT MYSTERIES DISK:2 (DVD),10011769,1,0
1000,ANCIENT MYSTERIES DISK:3 (DVD),10011769,1,0
1001,ANCIENT MYSTERIES DISK:4 (DVD),10011769,1,0
1002,JAPAN'S KILLER QUAKE (PBS) (DVD),10011770,1,0
1003,UNDERWATER UNIVERS SE: 1 (DVD),10011771,1,0
1004,DUMBSTRUCK: SAY HELLO TO MY LITTLE FRIEN,10011772,1,0
1005,TRIGGER  (DVD),10011773,1,0
1006,LOONEY TUNES DISC ONE (DVD,10012335,1,0
1007,LOONEY TUNES DISC TWO (DVD),10012336,1,0
1008,LOONEY TUNES DISC THREE (DVD),10012337,1,0
1009,LOONEY TUNES DISC FOUR (DVD),10012338,1,0
1010,1981 (FRENCH) (DVD),10011774,1,0
1011,EXTRORDINARY ADV.D'ADELE BLANC-S (FRENCH,10011775,1,0
1012,RUNNING WILDE SE:1 EP:9-13 (DVD),10011261,1,0
1013,THOR (DVD),10011776,1,0
1014,WILLIE NELSON: LIVE FROM AUSTIN (DVD),10011777,1,0
1015,MICHAEL BUBLE: COME FLY WITH ME (DVD),10011778,1,0
1016,THOR (DVD) (W/S),10011776,1,0
1017,THOR (DVD) (W/S) (NO CASE),10011776,1,0
1018,THOR (B/R)(NC) 3D VERSION,10011776,1,0
1019,MEEKS CUTOFF (DVD),10011779,1,0
1020,2 FROGS (FRENCH) (DVD),10011780,1,0
1021,"KENNEDYS, THE EP:1-3 (DVD)",10011781,1,0
1022,"KENNEDYS, THE EP:4-6 (DVD)",10011781,1,0
1023,"KENNEDYS, THE EP:7-8 (DVD)",10011781,1,0
1024,SAFETY GLASS (DVD),10012339,1,0
1025,PROHIBITION D:1 (DVD),10011782,1,0
1026,PROHIBITION D:2 (DVD),10011783,1,0
1027,PROHIBITION D:3 (DVD),10011782,1,0
1028,HOUNDS OF BASKERVILLES & WITHOUT A CLUE,10011784,1,0
1029,POIROT 56: AFTER THE FUNERAL (DVD),10011785,1,0
1030,POIROT 55: CARDS ON THE TABLE (DVD),10011786,1,0
1031,POIROT 54: MYSTERY OF THE BLUE TRAIN (D),10011787,1,0
1032,LAND BEFORE TIME 8 & 9  (DVD),10011788,1,0
1033,CAPTAIN AMERICA (BRAY) *,10011789,1,0
1034,TMNT 1  (3D)(BR),10011206,1,0
1035,CARS 2 (BRAY),10011790,1,0
1036,WONDERS OF THE UNIVERSE D:1 (DVD),10011791,1,0
1037,WONDERS OF THE UNIVERSE D:2 (DVD),10011792,1,0
1038,TRESPASS (DVD),10011793,1,0
1039,CARS 2 (DVD),10011790,1,0
1040,CARS 2 (NO CASE) (DVD),10011790,1,0
1041,CARS 2 (NO CASE) (DVD),10011790,1,0
1042,FINAL 24: SID VICIOUS (DVD) (W/S),10011794,1,0
1043,"MATRIX EXPERIENCE, THE (DVD)",10011795,1,0
1044,TENEBRE/DEEP RED (DVD),10011796,1,0
1045,SIMPSONS: BART WARS (DVD),10011797,1,0
1046,JACKIE CHAN: TRIPLE PUNCH COLLECTION,10012340,1,0
1047,"RISE OF ISIS, THE (DVD)",10011798,1,0
1048,SUPERHEROES (DVD) (W/S),10012341,1,0
1049,LOVE BEGINS (DVD) (W/S),10011799,1,0
1050,007: 01: DR. NO (BRAY),10011800,1,0
1051,007: 04: THUNDERBALL (BRAY),10011801,1,0
1052,007: 02: FROM RUSSIA WITH LOVE (BRAY),10011802,1,0
1053,007: 03: GOLDFINGER (BRAY),10012342,1,0
1054,MISSION IMPOSSIBLE (DVD),10012343,1,0
1055,WALKING DEAD 1-1 EP:1-3  (B/R),10011803,1,0
1056,WALKING DEAD 1-2 EP:4-6  (B/R),10011804,1,0
1057,PAW PATROL: PUPS AND THE GHOST PI (DVD),10011805,1,0
1058,AARON BAACON: TROUBLED YOUTH (DVD),10011806,1,0
1059,DEEPAK CHOPRA: WEIGHT LOSS & BALANCE DVD,10011230,1,0
1060,"PORKY'S 1,2 AND 3 (DVD) (F/S)",10012344,1,0
1061,"WAR ON, THE WAR ON DRUGS, THE",10011807,1,0
1062,TOP SECRET TRAIL OF THE THIRD REICH (DVD,10012345,1,0
1063,ALBERTA:CENTENNIAL FOREST HISTORY (DVD),10011808,1,0
1064,BLOOD LIONS: BRED FOR THE BULLET  (DVD),10012346,1,0
1065,BACKYARD CHICKEN COOPS  (DVD),10012347,1,0
1066,TRANSFER (GERMAN)(DVD),10011809,1,0
1067,GAME OF THRONES 5-1 EP:1-2 (BR),10011810,1,0
1068,GAME OF THRONES 5-2 EP:3-5 (BR),10011811,1,0
1069,GAME OF THRONES 5-3 EP:6-8 (BR),10011812,1,0
1070,GAME OF THRONES 5-4 EP:9-10 (BR)*,10012348,1,0
1071,INSIDE ASSAD'S SYRIA  (DVD),10011813,1,0
1072,UNUSUAL BUILDINGS (DVD),10012349,1,0
1073,"MEGAFALLS OF IGUACU, THE  (DVD)",10011814,1,0
1074,LOVE HATE & PROPAGANDA D:1 (DVD),10011815,1,0
1075,LOVE HATE & PROPAGANDA D:2 (DVD),10011815,1,0
1076,SWASHBUCKLER  (DVD),10011816,1,0
1077,EXTRAS: EXTRA SPECIAL SERIES FINALE (DVD,10011817,1,0
1078,ERNEST COLLECTION: CAMP/JAIL/SCARED (DVD,10011818,1,0
1079,TINKER TAILOR SOLDIER SPY D:1 (DVD),10011819,1,0
1080,TINKER TAILOR SOLDIER SPY D:2 (DVD),10011819,1,0
1081,TINKER TAILOR SOLDIER SPY D:3 (DVD),10011819,1,0
1082,AMAZING EARTH (DVD),10011820,1,0
1083,WEEDS 7-2 EP: 8-13 (BRAY),10011821,1,0
1084,"HARIMAYA BRIDGE, THE (DVD)",10011822,1,0
1085,"HARIMAYA BRIDGE, THE (B/R)",10011822,1,0
1086,HOW THE UNIVERSE WORKS D:1 (BRAY),10011423,1,0
1087,HOW THE UNIVERSE WORKS D:2 (BRAY),10011423,1,0
1088,GAME OF THRONES 1.1 EP 1-2 (DVD),10011823,1,0
1089,LESSONS OF DARKNESS + FATA MORGANA (DVD),10011824,1,0
1090,FORTRESS OF THE BEARS (DVD),10011825,1,0
1091,FORTRESS OF THE BEARS (B-RAY),10012350,1,0
1092,GAME OF THRONES 1-1 (B-RAY),10011826,1,0
1093,GAME OF THRONES 1-2 (B-RAY),10011823,1,0
1094,GAME OF THRONES 1-3 EP:6+BONUS (B-RAY),10011823,1,0
1095,GAME OF THRONES 1-4 EP:7-9 (B-RAY),10011823,1,0
1096,GAME OF THRONES 1-5 EP:10+BONUS (B-RAY),10011823,1,0
1097,COME FLY WITH ME D:2 (DVD),10011827,1,0
1098,BABY ANGELO (TAGALOG)(DVD),10011828,1,0
1099,UNDERDOGS  (2016) (DVD),10011829,1,0
1100,HOMELAND 1-1 EP: 1-5 (BR),10011830,1,0
1101,HOMELAND 1-2 EP: 6-9 (BR),10011830,1,0
1102,HOMELAND 1-3 EP: 10-12 + BONUS (BR),10011830,1,0
1103,GIRLS 1*1 EP:1-5 (BR),10011831,1,0
1104,GIRLS 1*2 EP:6-10 (BR),10011832,1,0
1105,GIRLS 1-1 EP:1-10 (2-SIDED) (DVD),10011831,1,0
1106,SPIDER-MAN: HOMECOMING 4K (B/R),10012351,1,0
1107,LORD PETER WIMSEY 4.1 EP: 1-2 (DVD),10011251,1,0
1108,LORD PETER WIMSEY 4.2 EP: 3-4 (DVD),10011251,1,0
1109,GAME OF THRONES 6.5 EP:9-10  (DVD),10011823,1,0
1110,GAME OF THRONES 6-1 EP:1-3  (B/R),10011833,1,0
1111,GAME OF THRONES 6-2 EP:4-5  (B/R),10011834,1,0
1112,GAME OF THRONES 6-3 EP:6-8  (B/R),10011835,1,0
1113,GAME OF THRONES 6-4 EP:9-10 (B/R),10011836,1,0
1114,STELLA AND SAM: FOLLOW ME (DVD),10011837,1,0
1115,AMERICA REVEALED DISC 1 (DVD) (W/S),10011838,1,0
1116,AMERICA REVEALED DISC 2 (DVD) (W/S),10011838,1,0
1117,MISSION IMPOSSIBLE 4: GHOST PROTOCOL NC,10011839,1,0
1118,MISSION IMPOSSIBLE 4: GHOST PROTOCOL NC,10011839,1,0
1119,WAR FOR THE PLANET OF THE APES 4K (B/R),10012352,1,0
1120,8TH FIRE 1.1 (DVD),10011840,1,0
1121,8TH FIRE 1.2 (DVD),10011840,1,0
1122,8TH FIRE 1.3 (DVD) (FREE),10011840,1,0
1123,TIM AND ERIC'S BILLION DOLLAR MOVIE BRAY,10011841,1,0
1124,SHAUN WHITE: REDBULL PROJECT (DVD),10011842,1,0
1125,SHAUN WHITE: REDBULL PROJECT (BRAY),10011842,1,0
1126,"STORMING, THE (DVD)",10011843,1,0
1127,TOTALLY BOARD VOL. 2 (DVD),10011844,1,0
1128,NOT ANOTHER TRANSWORLD VIDEO (DVD),10012353,1,0
1129,DORA'S EXPLORER GIRLS (DVD),10011845,1,0
1130,FRANKLIN: SUPER CLUEPERS (DVD),10011846,1,0
1131,PHINEAS AND FERB: STAR WARS (DVD),10011847,1,0
1132,JOHN CARTER 3D (BRAY) (W/S),10011848,1,0
1133,CRAFT IN AMERICA: THREADS (DVD) (W/S),10011849,1,0
1134,"WHALE, THE (DVD)",10011850,1,0
1135,STELLA AND SAM: NIGHT FAIRIES AND..(DVD),10011851,1,0
1136,PARENT TRAP 1&2 (1960) (DVD),10012354,1,0
1137,SUNSHINE SKETCHES OF A LITTLE TOWN (DVD),10011852,1,0
1138,WILFRED 1-2 EP:8-13 (BRAY),10011853,1,0
1139,OCCUPATION HAS NO FUTURE (DVD),10011854,1,0
1140,"MEDIA INSURGENTE COMPILATION, THE (DVD)",10012355,1,0
1141,HUNTING THE ELEMENTS (DVD),10011855,1,0
1142,BEN 10: THE WILD TRUTH EP: 1-6 (DVD),10012356,1,0
1143,BEN 10: THE WILD TRUTH EP: 7-12 (DVD),10012357,1,0
1144,BEHIND ENEMY LINES (W/S) (BRAY),10011856,1,0
1145,TITANIC & ME (DVD) (W/S),10011857,1,0
1146,COMIC-CON,10012358,1,0
1147,MARX BROS: GO WEST & THE BIG STORE (DVD),10011858,1,0
1148,UNTAMED AMERICAS D:1 (DVD),10011859,1,0
1149,UNTAMED AMERICAS D:2 (DVD),10011859,1,0
1150,COMIC-CON (BRAY),10012359,1,0
1151,EMMA DISC: 1 (W/S) (DVD0,10012360,1,0
1152,EMMA DISC: 2 (W/S) (DVD),10012361,1,0
1153,"KILLER'S TRAIL, THE (DVD)",10011860,1,0
1154,WHITE FANG: RERSCUE + LASSIE: PAIN (DVD),10011861,1,0
1155,OLD YELLER + SAVAGE SAM DOUBLE FEAT.(DVD,10011862,1,0
1156,TREASURE ISLAND (BRAY) (W/S),10011863,1,0
1157,TREASURE ISLAND (DVD) (W/S),10011863,1,0
1158,HATFIELDS & MCCOYS D:1 (DVD),10011864,1,0
1159,HATFIELDS & MCCOYS D:2 (DVD),10011864,1,0
1160,4.3.2.1 (DVD),10012362,1,0
1161,DORA: FANTASTIC GYMNASTICS ADVENTURE(DVD,10011865,1,0
1162,LITTLE BROTHERS (FRANCE) (PETITS FRERES),10011866,1,0
1163,"TIMEKEEPER, THE (DVD)",10011867,1,0
1164,GRIMM 1-1 EP:1-5 (BRAY),10011868,1,0
1165,GRIMM 1-2 EP:6-10 (BRAY),10011869,1,0
1166,GRIMM 1-3 EP:11-15 (BRAY),10011870,1,0
1167,GRIMM 1-4 EP:16-20 (BRAY),10012363,1,0
1168,GRIMM 1-5 EP:21-22 (BRAY),10011870,1,0
1169,STELLA AND SAM: TAKE A TRIP (DVD),10011871,1,0
1170,"LITTLE CARS SERIES, THE DISK: 1 (DVD)",10011872,1,0
1171,"LITTLE CARS SERIES, THE DISK: 2 (DVD)",10011873,1,0
1172,"BEATLES, THE: FROM LIVERPOOL TO... (DVD)",10011874,1,0
1173,COMPLETE DENIS LEARY (DVD),10011875,1,0
1174,ATOMIC BLONDE 4K (B/R),10012364,1,0
1175,STAR WARS REBELS: SPARK OF REBELL. (DVD),10011876,1,0
1176,10 THINGS YOU DON'T KNOW ABOUT D:1 (DVD),10011877,1,0
1177,10 THINGS YOU DON'T KNOW ABOUT D:2 (DVD),10012365,1,0
1178,SPONGEBOB: GHOULS FOOLS (DVD),10011878,1,0
1179,SHREK'S THRILLING TALES (DVD),10012366,1,0
1180,SONS OF ANARCHY 4-1 EP:1-5 (BRAY),10011879,1,0
1181,SONS OF ANARCHY 4-2 EP:6-10 (BRAY),10011879,1,0
1182,SONS OF ANARCHY 4-3 EP:11-14 (BRAY),10011880,1,0
1183,PERSON OF INTEREST 1-1 (BRAY),10011881,1,0
1184,PERSON OF INTEREST 1-3 (BRAY),10011881,1,0
1185,PERSON OF INTEREST 1-4 (BRAY),10011881,1,0
1186,007: 10: THE SPY WHO LOVED ME (BR),10011882,1,0
1187,KUNG FU PANDA: AWESOME COLLECTION (DVD),10011883,1,0
1188,SPARTACUS 1-1 VENGEANCE EP:1-4 (DVD),10011734,1,0
1189,SPARTACUS 1-2 VENGEANCE EP:5-8 (DVD),10011884,1,0
1190,SPARTACUS 1-3 VENGEANCE EP:9-10 (DVD),10011734,1,0
1191,BIG BANG THEORY  5-1 EP:1-13 (BRAY),10011885,1,0
1192,BIG BANG THEORY  5-2 EP:14-24 (BRAY),10011885,1,0
1193,WHAT TO EXPECT WHEN YOU'RE EXPECTING B/R,10011886,1,0
1194,ROLLING STONES: TRUTH AND LIES (DVD),10011887,1,0
1195,NODDY IN TOYLAND: GOBLIN FUN (DVD),10011888,1,0
1196,ALIEN DEEP D:1 (DVD),10011889,1,0
1197,ALIEN DEEP D:2 (DVD),10011890,1,0
1198,STEVE MARTIN: TELEVISION STUFF D:1 (DVD),10011891,1,0
1199,STEVE MARTIN: TELEVISION STUFF D:2 (DVD),10011891,1,0
1200,STEVE MARTIN: TELEVISION STUFF D:3 (DVD),10011891,1,0
1201,MODERN FAMILY 3-1 EP: 1-9 (BRAY),10011892,1,0
1202,MODERN FAMILY 3-3 EP: 19-24 (BRAY),10011893,1,0
1203,MODERN FAMILY 3-2 EP: 10-18 (BRAY),10011893,1,0
1204,THINK LIKE A MAN (DVD),10011894,1,0
1205,ANIMAL ATLAS (DVD),10011895,1,0
1206,"AMERICAN HORROR STORY 1,4 EP:12 (DVD)",10011275,1,0
1207,DOWNTON ABBEY 6-3 (B/R),10011896,1,0
1208,DOWNTON ABBEY 6-2 (B/R),10011897,1,0
1209,"AVENGERS, THE (DVD)(NC)",10011898,1,0
1210,STELLA AND SAM: IT'S A BROTHER DAY (DVD),10011899,1,0
1211,WAYNE'S WORLD 1 + 2 (W/S) (DVD),10011900,1,0
1212,HUNT FOR THE SERIAL ARSONIST (DVD),10011901,1,0
1213,TOMMY'S HONOUR **BROKEN** (DVD),10011902,1,0
1214,KIDNAP AND RANSOM D:1 (DVD),10011903,1,0
1215,KIDNAP AND RANSOM D:2 (DVD),10011903,1,0
1216,"CURIOUS GARDEN, THE (DVD)",10012367,1,0
1217,"TOMMYKNOCKERS, THE (DVD)",10011904,1,0
1218,TED BUNDY (DVD),10011905,1,0
1219,PENGUINS OF MADAGASCAR: OPERATION ANTARC,10011906,1,0
1220,DIARY OF A FOODIE D:1 (DVD),10011907,1,0
1221,DIARY OF A FOODIE D:2 (DVD),10011907,1,0
1222,DIARY OF A FOODIE D:3 (DVD),10011907,1,0
1223,RENAISSANCE PARIS 2004 (BR),10011908,1,0
1224,ELVIS MUSICALS: 2-DISC SET (DVD),10012368,1,0
1225,LIVERPOOL (FRENCH) (DVD),10011909,1,0
1226,"DUST BOWL, THE D:1 (DVD)",10012369,1,0
1227,"DUST BOWL, THE D:2 (DVD)",10012370,1,0
1228,HALF THE SKY (DVD) (W/S),10011910,1,0
1229,WHO KNOWS? (FRENCH) (VA SAVOIR) (DVD),10011911,1,0
1230,LIKE THERE'S NO TOMORROW (DVD),10011912,1,0
1231,GAME OF THRONES 7-1 EP:1-3 (BR),10011913,1,0
1232,GAME OF THRONES 7-2 EP:4-6 (BR),10011914,1,0
1233,GAME OF THRONES 7-3 EP:7+ANIMATED (BR),10011915,1,0
1234,SUSPICION / STRANGERS ON A TRAIN (DVD),10012371,1,0
1235,I CONFESS / THE WRONG MAN (DVD),10011916,1,0
1236,GIGI / AN AMERICAN IN PARIS (DVD),10011917,1,0
1237,CHEYNNE SOCIAL CLUB / FIRECREEK (DVD),10012372,1,0
1238,BRAWL IN CELL BLOCK 99 4K (B/R),10012373,1,0
1239,ROBIN HOOD (DISNEY)(DVD),10011918,1,0
1240,PITCH PERFECT* RESURFACED (DVD)(NO CASE),10012374,1,0
1241,"FLYING HOUSE PROJECT, THE (DVD)",10011919,1,0
1242,MANKIND: THE STORY OF ALL OF US EP:1-4,10011920,1,0
1243,MANKIND: THE STORY OF ALL OF US EP:5-8,10011920,1,0
1244,MANKIND: THE STORY OF ALL OF US EP:9-12,10011920,1,0
1245,INVENTING DAVID GEFFEN (DVD),10011921,1,0
1246,DORA LOVES BOOTS (DVD),10012375,1,0
1247,"LOST CITY, THE (DVD)",10011922,1,0
1248,OCTONAUTS:HERE COMES THE OCTONAUTS (DVD),10012376,1,0
1249,CHILDRENS HOSPITAL SEASON 3 (DVD),10011923,1,0
1250,BETTY BOOP (DVD),10011924,1,0
1251,DOWNTON ABBEY 3-2 (BRAY),10011925,1,0
1252,CANNIBAL (FRENCH) (DVD),10011926,1,0
1253,SCOOBY-DOO: DANGERS IN THE DEEP D:1 (DVD,10012377,1,0
1254,SCOOBY-DOO: DANGERS IN THE DEEP D:2 (DVD,10012378,1,0
1255,JAY AND SILENT BOB GET IRISH (DVD),10011927,1,0
1256,WHAT WILL THE FUTURE BE LIKE? (DVD),10012379,1,0
1257,DUCK DODGERS: DARK SIDE OF THE DUCK D:1,10012380,1,0
1258,DUCK DODGERS: DARK SIDE OF THE DUCK D:2,10012381,1,0
1259,CITADEL (DVD),10011928,1,0
1260,HERE AND NOW (2019)(DVD),10011929,1,0
1261,DORA'S BUTTERFLY BALL (DVD),10011930,1,0
1262,SAVING THE OCEAN EP:1-4 (DVD),10011931,1,0
1263,SAVING THE OCEAN EP:5-8 (DVD),10011931,1,0
1264,HITCHCOCK (DVD)(MC),10011932,1,0
1265,LOVE HATE & PROPAGANDA: WAR ON TERROR,10011933,1,0
1266,PEEP AND THE BIG WIDE WORLD (DVD),10011934,1,0
1267,LIFE STORIES (DVD),10011935,1,0
1268,JONAS BROTHERS (BR),10011618,1,0
1269,"BIBLE, THE D:1 (DVD)",10011936,1,0
1270,"BIBLE, THE D:2 (DVD)",10011936,1,0
1271,"BIBLE, THE D:3 (DVD)",10011936,1,0
1272,"BIBLE, THE D:4 (DVD)",10012382,1,0
1273,RISE OF THE DRONES (DVD),10011937,1,0
1274,EXPLORING BIODIVERSITY (DVD),10011938,1,0
1275,LONGSHOT/THEY WENT THAT-A-WAY (DVD),10011939,1,0
1276,RED FURY/ AGAINST A CROOKED SKY/ 7 ALONE,10012383,1,0
1277,PEE-WEE (B/R) & (3D B/R),10011940,1,0
1278,YOU'VE BEEN TRUMPED (DVD),10011941,1,0
1279,PEE-WEE (DVD),10011940,1,0
1280,"EDUCATION OF MICHELLE RHEE, THE (DVD)",10011942,1,0
1281,ATTILA/ MADAME SANS-GENE (ITALIAN) (DVD),10012384,1,0
1282,007: 13: OCTOPUSSY (DVD),10011943,1,0
1283,FRIDAY THE 13TH  5 + 6 (DVD),10011944,1,0
1284,DRAGON (MANDARIN) (DVD),10011945,1,0
1285,DRAGON (MANDARIN) (BRAY),10011945,1,0
1286,LAST DAYS OF FRANKIE/FUNERAL/IMMOR (DVD),10011946,1,0
1287,CHILLER COMPLETE SERIES 1.1 EP 1-3 (DVD),10012385,1,0
1288,CHILLER COMPLETE SERIES 1.2 EP 4-5 (DVD),10011947,1,0
1289,"10TH KINGDOM, THE D:1 (DVD)",10011948,1,0
1290,"10TH KINGDOM, THE D:2 (DVD)",10011948,1,0
1291,"10TH KINGDOM, THE D:3 (DVD)",10011948,1,0
1292,MR. BUMP (10 EPISODES) (DVD,10012386,1,0
1293,MR. MISCHIEF (10 EPISODES) (DVD),10011949,1,0
1294,FOR LOVE OR COUNTRY (DVD),10011950,1,0
1295,YELLOW (DVD),10011951,1,0
1296,MR. BEAN MOST MEMORABLE MOMENTS (DVD),10011952,1,0
1297,COMING OUT PARTY (DVD),10011953,1,0
1298,YOUNG AND INNOCENT/39 STEPS (DVD),10011954,1,0
1299,BACK AND FORTH (SPANISH)(DVD),10012387,1,0
1300,CUBA: THE ACCIDENTAL EDEN (DVD),10011955,1,0
1301,DORA THE EXPLORER: DORA ROCKS (DVD),10011956,1,0
1302,PRIDE FC: BUSHIDO VOL 4 (DVD),10011957,1,0
1303,PRIDE FC: FINAL CONFLICT 2006 (DVD),10011958,1,0
1304,PRIDE FC: BUSHIDO VOL 10 (DVD,10011957,1,0
1305,PRIDE FC: BUSHIDO VOL 8 (DVD),10011957,1,0
1306,PRIDE FC: BUSHIDO SURVIVAL VOL 11 (DVD),10011959,1,0
1307,PRIDE FC: BUSHIDO VOL. 2 (DVD),10011957,1,0
1308,PRIDE FC: BUSHIDO VOL. 1 (DVD),10011957,1,0
1309,PRIDE FC: BUSHIDO VOL. 3 (DVD),10011957,1,0
1310,ZOMBIE (ZOMBI 2) (DVD),10011960,1,0
1311,WHY WALK WHEN YOU CAN FLY? (DVD),10012388,1,0
1312,ORBS: THE VEIL IS LIFTING (DVD),10011961,1,0
1313,"COURSE IN MIRACLES, A (DVD)",10011962,1,0
1314,CRACKING THE CODE TO THE EXTRA ORDINARY,10012389,1,0
1315,"HIDDEN MESSAGES IN WATER, THE (DVD)",10011963,1,0
1316,MINNIE'S THE WIZARD OF DIZZ (DVD),10011964,1,0
1317,LOVING & CHEATING (DVD),10011965,1,0
1318,NAT GEO: REALLY WILD ANIMALS DINOS (DVD),10011966,1,0
1319,MASALA (DVD),10011967,1,0
1320,NAT GEO: REALLY WILD ANIMALS TROPICAL (D,10011968,1,0
1321,"RETIREMENT GAMBLE, THE (DVD)",10011969,1,0
1322,"SMURFS, THE: SMURFS TO THE RESCUE! (DVD)",10012390,1,0
1323,ROAD TO BALI/MY FAVORITE BRUNETTE (DVD),10012391,1,0
1324,WHEN ZACHARY BEAVER MOVED TO TOWN (DVD),10012392,1,0
1325,HELLO KITTY SAVES THE DAY (DVD),10012393,1,0
1326,POPEYE: WHEN POPEYE RULED THE 7 SEAS DVD,10012394,1,0
1327,SUSPENSE 1.1 EP 1-8 (DVD),10011970,1,0
1328,SUSPENSE 1.2 EP 9-17 (DVD),10012395,1,0
1329,SUSPENSE 1.3 EP 18-24 (DVD),10011970,1,0
1330,SUSPENSE 1.4 EP 25-30 (DVD),10011970,1,0
1331,NASA: FIRST YEARS OF EXPLORATION (DVD),10012396,1,0
1332,NASA: DEEP SPACE DISCOVERY (DVD),10012397,1,0
1333,NASA: ADVANCING THE DREAM (DVD),10011971,1,0
1334,DRAGONS: RIDERS OF BERK 1.1 (DVD),10011972,1,0
1335,DRAGONS: RIDERS OF BERK 1.2 (DVD),10011972,1,0
1336,DRAGONS: RIDERS OF BERK 2.1 (DVD),10011972,1,0
1337,DRAGONS: RIDERS OF BERK 2.2 (DVD),10011972,1,0
1338,REBEL WITHOUT A CAUSE / EAST OF EDEN DVD,10012398,1,0
1339,CAT ON A HOT TIN ROOF/ STREET CAR DESIRE,10011973,1,0
1340,THAT (DVD),10011974,1,0
1341,"LAST DAYS OF JESUS, THE (DVD)",10011975,1,0
1342,THOMAS & FRIENDS: HOGH SPEED ADVENTURES,10011976,1,0
1343,TRANSFORMERS: TRANSFORM AND ROLL OUT,10011977,1,0
1344,POLITICAL ANIMALS D:1 EP:1-3 (DVD),10011978,1,0
1345,POLITICAL ANIMALS D:2 EP:4-6 (DVD),10011978,1,0
1346,BEST OF THE BEST: ESPECIALLY FOR KIDS,10012399,1,0
1347,BEST OF THE BEST: STRANGE TALES (DVD),10011979,1,0
1348,"LIFE OF MUHAMMAD, THE (DVD)",10011980,1,0
1349,REALITY (ITALIAN) (DVD),10011981,1,0
1350,SONS OF ANARCHY 5-1 EP:1-6 (BRAY),10011982,1,0
1351,SONS OF ANARCHY 5-2 EP:7-12 (BRAY),10011982,1,0
1352,SONS OF ANARCHY 5-3 EP:9-13 (BRAY),10011982,1,0
1353,"ULTIMATE SPACE EXPERIENCE, THE (DVD)",10012400,1,0
1354,OUTLAWED IN PAKISTAN (DVD),10011983,1,0
1355,NWD GREATEST HITS (DVD),10012401,1,0
1356,BONES OF THE BUDDHA (DVD),10011984,1,0
1357,RAPE IN THE FIELDS (DVD),10012402,1,0
1358,BLOOD (DVD),10012403,1,0
1359,SCOOBY-DOO: 13 SPOOKY TALES EP:1-7 (DVD),10012404,1,0
1360,SCOOBY-DOO: 13 SPOOKY TALES EP:8-13(DVD),10011985,1,0
1361,SOFIA THE FIRST: READY TO BE A PRINCESS,10012405,1,0
1362,"WORD LOVE EXISTS, THE (FRANCE) (DVD)",10012406,1,0
1363,NORTH AMERICA D:1 (BRAY),10011986,1,0
1364,NORTH AMERICA D:2 (BRAY),10012407,1,0
1365,NORTH AMERICA D:1 (DVD),10011986,1,0
1366,NORTH AMERICA D:2 (DVD),10012408,1,0
1367,007: 04: THUNDERBALL (DVD),10011801,1,0
1368,007: 08: LIVE AND LET DIE (DVD),10011987,1,0
1369,007: 02: FROM RUSSIA WITH LOVE (DVD),10011802,1,0
1370,DUCK DYNASTY: CHRISTMAS (DVD),10011988,1,0
1371,"SMURFS, THE: SMURFTASTIC JOURNEY (DVD)",10012409,1,0
1372,DORA'S ICE SKATING SPECTACLAR (DVD),10011989,1,0
1373,HOBBIT 1 EXTENDED: FILM (DVD),10011990,1,0
1374,HOBBIT 1 EXTENDED: 3D (BR),10011991,1,0
1375,NODDY IN TOYLAND: PICNIC SURPRISE (DVD),10011992,1,0
1376,QB VII (MINI SERIES) (DVD),10011993,1,0
1377,FROM ABOVE (DVD),10011994,1,0
1378,IVAN THE TERRIBLE (DVD),10011995,1,0
1379,REBORN SCHOOL GIRLS (DVD),10011996,1,0
1380,MOTORHEAD: ACE OF SPADES (DVD),10011997,1,0
1381,ROCK N ROLL FUN HOUSE: THE KNACK (DVD),10012410,1,0
1382,WILLIE NELSON: WILLIE (DVD),10012411,1,0
1383,SILENT ENEMY: EPIC OF AMERICAN INDIAN,10011998,1,0
1384,YELLOWSTONE NATIONAL PARK (DVD),10012412,1,0
1385,YES: GREASY VIDEO HITS (DVD),10012413,1,0
1386,PROMETHEUS BOUND (DVD),10011999,1,0
1387,IAN PAGE: NOT FOR PRO'S (DVD),10012414,1,0
1388,VAMPIRES  (DVD),10012000,1,0
1389,MUMMIES: WONDERS OF ANCIENT EGYPT 1.1,10012001,1,0
1390,MUMMIES: WONDERS OF ANCIENT EGYPT 1.2,10012001,1,0
1391,MEATBALLS (DVD),10012002,1,0
1392,COWBOY BEBOP 2 EP: 6-10 (DVD),10012003,1,0
1393,COWBOY BEBOP 5 EP: 19-22 (DVD),10012003,1,0
1394,COWBOY BEBOP 6 EP: 23-26 (DVD),10012003,1,0
1395,CRUSHER JOE: ICE PRISON/ULTIMATE WEAPON,10012004,1,0
1396,GAME OF THRONES 2-1 EP:1-2 (BRAY),10012005,1,0
1397,GAME OF THRONES 2-2 EP:3-4 (BRAY),10012415,1,0
1398,GAME OF THRONES 2-3 EP:5-7 (BRAY),10012006,1,0
1399,GAME OF THRONES 2-4 EP:8-10  (BRAY),10012007,1,0
1400,"FOX AND THE HOUND, THE (DVD)",10012008,1,0
1401,QUARK: COMPLETE SERIES (DVD),10012009,1,0
1402,GAME OF THRONES 3-1 EP:1-2 (BRAY),10012010,1,0
1403,"IMPORTANCE OF BEING EARNEST, THE (DVD)",10012011,1,0
1404,LOVERS IN A DANGEROUS TIME (DVD),10012012,1,0
1405,BEATLES ANTHOLOGY 1-2 (DVD),10012013,1,0
1406,BEATLES ANTHOLOGY 3-4 (DVD),10012013,1,0
1407,BEATLES ANTHOLOGY 5-6 (DVD),10012013,1,0
1408,BEATLES ANTHOLOGY 7-8 (DVD),10012013,1,0
1409,PAUL WELLER: LIVE (DVD),10012014,1,0
1410,WHILE YOU WERE SLEEPING (DVD),10012015,1,0
1411,"RATHER ENGLISH MARRIAGE, A (DVD)",10012016,1,0
1412,FLOWERS IN THE ATTIC (2013) (DVD),10011246,1,0
1413,KING KONG (1979) (DVD),10012017,1,0
1414,DARKROOM (DVD),10012018,1,0
1415,"PUPPET MASTER: 1,2,3 (DVD)",10012019,1,0
1416,WILD CANADA D:1 (DVD)*,10012020,1,0
1417,WILD CANADA D:2 (DVD),10012020,1,0
1418,SOCIAL ENGINEERING 101 (DVD),10012021,1,0
1419,SARAH MCLACHLAN: AFTERGLOW LIVE (DVD),10012022,1,0
1420,FOLLOWCAM 4 (DVD),10012416,1,0
1421,LULLABY (2013) (DVD),10012023,1,0
1422,"LEGO CHIMA: CHI, TRIBES & BETRAYALS D:1",10012417,1,0
1423,"LEGO CHIMA: CHI, TRIBES & BETRAYALS D:2",10012418,1,0
1424,GAME OF THRONES 3-1 EP:1-2 (B/R),10012010,1,0
1425,GAME OF THRONES 3-2 EP:3-4 (B/R),10012024,1,0
1426,GAME OF THRONES 3-3 EP:5-7 (B/R),10012010,1,0
1427,X-MEN 5: DAYS OF FUTURE PAST 3D (BR),10012419,1,0
1428,NIGHT TO REMEMBER *DOESN'T WORK*,10012025,1,0
1429,PENGUINS: OPERATION SPECIAL DELIVERY(DVD,10012420,1,0
1430,DUCK DYNASTY: DUCK THE HALLS (DVD),10012421,1,0
1431,"HOLLY LAND, THE (DVD)",10012026,1,0
1432,LOLA + SUPPLIMENTS (GERMAN) (DVD),10012027,1,0
1433,1987 (FRENCH)(DVD),10012028,1,0
1434,KING SOLOMON'S MINES (DVD),10012029,1,0
1435,HAWAII (DVD),10012030,1,0
1436,PURE COUNTRY/HONEYSUCKLE ROSE (DVD),10012422,1,0
1437,TMNT 1  (BR),10011206,1,0
1438,TMNT 1  (DVD)(MC),10011206,1,0
1439,PROTECTION (DVD),10012423,1,0
1440,"DELIBERATE STRANGE, THE (DVD)",10012031,1,0
1441,GAME OF THRONES 4-1 EP:1-2 (BR),10012032,1,0
1442,GAME OF THRONES 4-2 EP:3-5 (BR),10012032,1,0
1443,GAME OF THRONES 4-3 EP:6-8 (BR),10012424,1,0
1444,GAME OF THRONES 4-4 EP:9-10 (BR),10012032,1,0
1445,BACKYARDIGANS: IT'S GREAT TO BE A GHOST,10012033,1,0
1446,DIEGO: UNDERWATER MYSTERY (DVD),10012034,1,0
1447,PENGUINS OF MADAGASCAR (2015)(3D),10012035,1,0
1448,PENGUINS OF MADAGASCAR (2015)(BRAY),10012035,1,0
1449,PENGUINS OF MADAGASCAR (2015)(DVD)(MC),10012035,1,0
1450,PENGUINS OF MADAGASCAR (2015)(DVD)(NC),10012035,1,0
1451,"DRIVE, HE SAID/A SAFE PLACE (BR)",10012036,1,0
1452,400 BLOWS/ANTOINE AND COLETTE (FRANCE),10012425,1,0
1453,LOVE ON THE RUN + SUPPLEMENTS (FRANCE),10012426,1,0
1454,LEGO CHIMA: QUEST FOR LEGEND BEASTS 1.1,10012037,1,0
1455,LEGO CHIMA: QUEST FOR LEGEND BEASTS 1.2,10012037,1,0
1456,BEHIND ENEMY LINES (DVD),10011856,1,0
1457,30 YEARS OF NATIONAL GEOGRAPHIC SP.(DVD),10012038,1,0
1458,NATURE'S FURY (DVD),10012039,1,0
1459,SURVIVING EVEREST (DVD),10012427,1,0
1460,"PHOTOGRAHERS, THE (DVD)",10012040,1,0
1461,ANTHONY BOURDAIN: NO RESERVATIONS D:1,10012041,1,0
1462,ANTHONY BOURDAIN: NO RESERVATIONS D:2,10012041,1,0
1463,ANTHONY BOURDAIN: NO RESERVATIONS D:3,10012042,1,0
1464,ANTHONY BOURDAIN: NO RESERVATIONS D:4,10012041,1,0
1465,WAR AND PEACE (DVD),10012043,1,0
1466,ROGER CORMAN: BLOODY MAMA + BUCKET BLOOD,10012044,1,0
1467,"PATH APPEARS, A D:1 (DVD)",10012045,1,0
1468,"PATH APPEARS, A D:2 (DVD)",10012045,1,0
1469,"CRIMSON FIELD, THE D:1 (DVD)",10012046,1,0
1470,"CRIMSON FIELD, THE D:2 (DVD)",10012046,1,0
1471,U2 ZOO TV LIVE FROM SYDNEY (DVD),10012047,1,0
1472,DISNEY: SHORT FILMS COLLECTION (BRAY),10012048,1,0
1473,TEXAS RISING D:2 EP:3-4 (DVD),10012049,1,0
1474,TEXAS RISING D:3 EP:5 (DVD),10012049,1,0
1475,"BOURNE IDENTITY, THE (DVD)",10012050,1,0
1476,SPY (DVD),10011226,1,0
1477,MISSION IMPOSSIBLE 5: ROGUE NATION MC,10012428,1,0
1478,MISSION IMPOSSIBLE 5: ROGUE NATION NC,10012051,1,0
1479,MISSION IMPOSSIBLE 5: ROGUE NATION NC,10012051,1,0
1480,MISSION IMPOSSIBLE 5: ROGUE NATION NC,10012051,1,0
1481,STAR WARS 7: FORCE AWAKENS 2-DISC (B/R),10012429,1,0
1482,STAR WARS 7: FORCE AWAKENS 2-DISC (B/R),10012430,1,0
1483,BATMAN V SUPERMAN: *CASE MISSING?*,10012431,1,0
1484,EAT: THE STORY OF FOOD (DVD),10012052,1,0
1485,"ALTRUISM REVOLUTION, THE (DVD)",10012053,1,0
1486,SPIDER-MAN: HOMECOMING (B/R),10012054,1,0
1487,DOCTOR WHO (2017) 10-2.1 EP: 1-4 (DVD),10012055,1,0
1488,DOCTOR WHO (2017) 10-2.2 EP: 5-7 (DVD),10012055,1,0
1489,DOCTOR WHO (2017) 10-1.1 EP: 1-4 (DVD),10012055,1,0
1490,DOCTOR WHO (2017) 10-1.2 EP: 5-7 (DVD),10012055,1,0
1491,"MOUNTAIN BETWEEN US, THE (DVD)",10012056,1,0
1492,COBRA KAI SE 1.1 EP 1-5 (DVD),10012057,1,0
1493,COBRA KAI SE 1.2 EP 6-10 (DVD),10012057,1,0
1494,COBRA KAI SE 2.2 EP 6-10 (DVD),10012057,1,0
1495,P2: A NEW LEVEL OF TERROR (DVD),10011542,1,0
1496,MY COUSIN RACHEL (DVD),10012058,1,0
